codiine,any,municipi,comarca,preu,id,sexe,partitpol,alc_partit,alc_sexe,pob_cat,pob_esp,pob_est,pob_tot,dist_bcn
8001,2021,Abrera,Baix Llobregat,667.44,8001,H,PSC,PSC,H,8611,2625,1302,12538,25.883459
8002,2021,Aguilar de Segarra,Bages,,8002,H,Altres,Altres,H,262,11,9,282,58.570141
8003,2021,Alella,Maresme,1191.54,8003,H,ERC,ERC,H,7362,1184,1358,9904,14.66087
8004,2021,Alpens,Osona,,8004,D,Altres,Altres,D,234,5,22,261,80.08596
8005,2021,"Ametlla del Vallès, l'",Vallès Oriental,864.35999,8005,H,ERC,ERC,H,6796,958,892,8646,30.69367
8006,2021,Arenys de Mar,Maresme,706.07001,8006,D,ERC,ERC,D,11088,2188,2665,15941,37.351261
8007,2021,Arenys de Munt,Maresme,615.84998,8007,H,ERC,ERC,H,7274,944,903,9121,38.623909
8008,2021,Argençola,Anoia,,8008,H,ERC,ERC,H,192,10,17,219,25.744221
8010,2021,Artés,Bages,419.85001,8010,H,ERC,ERC,H,4477,649,636,5762,47.715191
8011,2021,Avià,Berguedà,431.92999,8011,D,Altres,Altres,D,1994,96,130,2220,80.445793
8012,2021,Avinyó,Bages,452.60001,8012,H,ERC,ERC,H,1853,184,252,2289,54.099449
8013,2021,Avinyonet del Penedès,Alt Penedès,630.5,8013,H,JXCAT,JXCAT,H,1293,190,214,1697,33.020168
8014,2021,Aiguafreda,Vallès Oriental,594.25,8014,H,Altres,Altres,H,2022,299,191,2512,41.389759
8015,2021,Badalona,Barcelonès,730.40002,8015,H,PSC,PSC,H,138636,42720,41810,223166,8.1107731
8016,2021,Bagà,Berguedà,387.60001,8016,H,JXCAT,JXCAT,H,1714,311,115,2140,98.154778
8017,2021,Balenyà,Osona,515.34998,8017,H,JXCAT,JXCAT,H,2886,482,472,3840,46.37833
8018,2021,Balsareny,Bages,433.75,8018,D,Altres,Altres,D,2426,514,252,3192,57.089561
8019,2021,Barcelona,Barcelonès,918.84003,8019,D,Altres,Altres,D,939881,262329,461972,1664182,0
8020,2021,Begues,Baix Llobregat,1008.8,8020,D,JXCAT,JXCAT,D,5665,898,737,7300,22.10911
8021,2021,Bellprat,Anoia,,8021,H,Altres,Altres,H,58,3,3,64,62.686138
8022,2021,Berga,Berguedà,398.51001,8022,H,Altres,Altres,H,12130,1622,3008,16760,82.491096
8023,2021,Bigues i Riells,Vallès Oriental,722.26001,8023,H,ERC,ERC,H,7337,1342,679,9358,31.060301
8024,2021,Borredà,Berguedà,326.42999,8024,H,Altres,Altres,H,372,23,69,464,83.099327
8025,2021,"Bruc, el",Anoia,668.66998,8025,D,ERC,ERC,D,1718,229,163,2110,38.19886
8026,2021,"Brull, el",Osona,,8026,H,Altres,Altres,H,232,10,16,258,47.67318
8027,2021,"Cabanyes, les",Alt Penedès,831.82001,8027,H,Altres,Altres,H,845,93,41,979,40.25058
8028,2021,Cabrera d'Anoia,Anoia,670.83002,8028,H,ERC,ERC,H,1067,255,160,1482,39.842701
8029,2021,Cabrera de Mar,Maresme,1090.47,8029,H,Altres,Altres,H,3727,508,512,4747,23.30477
8030,2021,Cabrils,Maresme,1124.13,8030,D,ERC,ERC,D,5722,618,1092,7432,21.64694
8031,2021,Calaf,Anoia,346.88,8031,H,Altres,Altres,H,2412,349,895,3656,66.004433
8032,2021,Caldes d'Estrac,Maresme,904.85999,8032,H,ERC,ERC,H,1999,359,663,3021,35.24612
8033,2021,Caldes de Montbui,Vallès Oriental,681.12,8033,H,ERC,ERC,H,12765,2771,2276,17812,25.67103
8034,2021,Calders,Moianès,604.69,8034,H,JXCAT,JXCAT,H,885,100,60,1045,45.808208
8035,2021,Calella,Maresme,597.76001,8035,D,ERC,ERC,D,11705,2732,4840,19277,47.462761
8036,2021,Calonge de Segarra,Anoia,,8036,H,Altres,Altres,H,178,6,4,188,70.116859
8037,2021,Calldetenes,Osona,605.73999,8037,H,JXCAT,JXCAT,H,2169,182,162,2513,59.166901
8038,2021,Callús,Bages,439.37,8038,H,ERC,ERC,H,1666,226,237,2129,53.256119
8039,2021,Campins,Vallès Oriental,601.53998,8039,D,ERC,ERC,D,441,31,69,541,43.548729
8040,2021,Canet de Mar,Maresme,648.31,8040,D,ERC,ERC,D,10701,2119,2045,14865,40.180321
8041,2021,Canovelles,Vallès Oriental,566.91998,8041,H,PSC,PSC,H,8849,3530,4450,16829,26.0166
8042,2021,Cànoves i Samalús,Vallès Oriental,803.89001,8042,H,Altres,Altres,H,2367,552,237,3156,35.55085
8043,2021,Canyelles,Garraf,851.69,8043,D,Altres,Altres,D,3334,823,542,4699,39.487709
8044,2021,Capellades,Anoia,476.26999,8044,H,ERC,ERC,H,3922,904,516,5342,42.893429
8045,2021,Capolat,Berguedà,,8045,H,Altres,Altres,H,81,1,2,84,82.931633
8046,2021,Cardedeu,Vallès Oriental,724.26001,8046,H,ERC,ERC,H,14039,2428,1957,18424,30.79624
8047,2021,Cardona,Bages,358.92001,8047,H,ERC,ERC,H,3845,445,349,4639,70.061157
8048,2021,Carme,Anoia,,8048,H,Altres,Altres,H,618,67,100,785,48.062531
8049,2021,Casserres,Berguedà,393.76001,8049,H,Altres,Altres,H,1434,77,77,1588,73.393997
8050,2021,Castellar del Riu,Berguedà,,8050,H,JXCAT,JXCAT,H,161,10,5,176,89.821449
8051,2021,Castellar del Vallès,Vallès Occidental,695.46002,8051,H,PSC,PSC,H,19071,3628,1789,24488,24.956869
8052,2021,Castellar de N'Hug,Berguedà,,8052,H,JXCAT,JXCAT,H,142,6,8,156,98.965973
8053,2021,Castellbell i el Vilar,Bages,441.62,8053,D,PSC,PSC,D,2806,584,329,3719,36.06039
8054,2021,Castellbisbal,Vallès Occidental,752.19,8054,H,Altres,Altres,H,9228,2180,1131,12539,17.817089
8055,2021,Castellcir,Moianès,617.5,8055,H,Altres,Altres,H,592,74,76,742,40.060188
8056,2021,Castelldefels,Baix Llobregat,975.59998,8056,D,PSC,PSC,D,37002,12023,18435,67460,21.196289
8057,2021,Castell de l'Areny,Berguedà,,8057,H,Altres,Altres,H,65,1,1,67,87.886192
8058,2021,Castellet i la Gornal,Alt Penedès,593.96002,8058,H,PSC,PSC,H,1719,412,251,2382,50.908661
8059,2021,Castellfollit del Boix,Bages,,8059,H,Altres,Altres,H,385,41,21,447,50.04805
8060,2021,Castellfollit de Riubregós,Anoia,,8060,H,JXCAT,JXCAT,H,152,5,5,162,73.824348
8061,2021,Castellgalí,Bages,595.71002,8061,H,PSC,PSC,H,1630,362,127,2119,40.910019
8062,2021,Castellnou de Bages,Bages,,8062,H,ERC,ERC,H,1144,157,136,1437,55.709419
8063,2021,Castellolí,Anoia,666.66998,8063,H,Altres,Altres,H,577,21,28,626,44.907028
8064,2021,Castellterçol,Moianès,536.46997,8064,H,Altres,Altres,H,1972,238,338,2548,39.118622
8065,2021,Castellví de la Marca,Alt Penedès,523.21002,8065,H,Altres,Altres,H,1299,141,135,1575,46.74699
8066,2021,Castellví de Rosanes,Baix Llobregat,741.78998,8066,H,Altres,Altres,H,1445,322,166,1933,23.254539
8067,2021,Centelles,Osona,535.56,8067,H,PSC,PSC,H,6070,831,612,7513,44.389519
8068,2021,Cervelló,Baix Llobregat,782.65997,8068,H,PSC,PSC,H,6688,1507,882,9077,17.82432
8069,2021,Collbató,Baix Llobregat,879.46002,8069,H,ERC,ERC,H,3699,543,302,4544,34.048439
8070,2021,Collsuspina,Moianès,542.5,8070,H,ERC,ERC,H,328,18,13,359,47.330959
8071,2021,Copons,Anoia,510,8071,H,Altres,Altres,H,284,28,9,321,60.29557
8072,2021,Corbera de Llobregat,Baix Llobregat,715.78003,8072,D,ERC,ERC,D,10724,2067,2091,14882,20.07975
8073,2021,Cornellà de Llobregat,Baix Llobregat,695.5,8073,H,PSC,PSC,H,48332,22029,19575,89936,8.9839172
8074,2021,Cubelles,Garraf,717.15997,8074,D,Altres,Altres,D,10467,2823,2480,15770,46.721722
8075,2021,Dosrius,Maresme,820.40997,8075,D,PSC,PSC,D,4269,784,599,5652,29.328381
8076,2021,Esparreguera,Baix Llobregat,614.90997,8076,H,PSC,PSC,H,15706,4090,2506,22302,29.377781
8077,2021,Esplugues de Llobregat,Baix Llobregat,841.07001,8077,D,PSC,PSC,D,26438,11451,9261,47150,7.6713138
8078,2021,"Espunyola, l'",Berguedà,,8078,H,Altres,Altres,H,236,2,4,242,79.795807
8079,2021,"Estany, l'",Moianès,468.13,8079,H,ERC,ERC,H,366,24,18,408,52.387619
8080,2021,Fígols,Berguedà,,8080,H,Altres,Altres,H,36,3,4,43,91.119743
8081,2021,Fogars de Montclús,Vallès Oriental,556.16998,8081,H,Altres,Altres,H,417,23,35,475,42.830681
8082,2021,Fogars de la Selva,Selva,868.33002,8082,H,Altres,Altres,H,1040,322,107,1469,56.74678
8083,2021,Folgueroles,Osona,557.44,8083,H,Altres,Altres,H,2091,86,88,2265,61.290588
8084,2021,Fonollosa,Bages,595.82001,8084,H,ERC,ERC,H,1212,168,79,1459,58.019531
8085,2021,Fontrubí,Alt Penedès,,8085,H,JXCAT,JXCAT,H,1118,78,218,1414,43.3265
8086,2021,"Franqueses del Vallès, les",Vallès Oriental,657.96002,8086,H,JXCAT,JXCAT,H,13729,3511,3124,20364,26.351351
8087,2021,Gallifa,Vallès Occidental,,8087,H,JXCAT,JXCAT,H,140,12,15,167,32.81818
8088,2021,"Garriga, la",Vallès Oriental,722.76001,8088,D,ERC,ERC,D,12366,2263,2039,16668,32.897732
8089,2021,Gavà,Baix Llobregat,909.67999,8089,D,PSC,PSC,D,30206,9587,7264,47057,17.51107
8090,2021,Gaià,Bages,,8090,H,JXCAT,JXCAT,H,161,5,17,183,60.89986
8091,2021,Gelida,Alt Penedès,561.01001,8091,D,ERC,ERC,D,5552,1101,1017,7670,26.003719
8092,2021,Gironella,Berguedà,363.63,8092,H,JXCAT,JXCAT,H,3820,523,603,4946,74.582527
8093,2021,Gisclareny,Berguedà,,8093,H,Altres,Altres,H,24,2,0,26,99.681664
8094,2021,"Granada, la",Alt Penedès,571.13,8094,H,Altres,Altres,H,1772,205,231,2208,37.708221
8095,2021,Granera,Moianès,,8095,H,JXCAT,JXCAT,H,67,5,5,77,37.706558
8096,2021,Granollers,Vallès Oriental,675.09003,8096,H,PSC,PSC,H,37329,11460,13630,62419,25.03784
8097,2021,Gualba,Vallès Oriental,544.92999,8097,H,Altres,Altres,H,1236,160,152,1548,45.980541
8098,2021,Sant Salvador de Guardiola,Bages,666.14001,8098,D,Altres,Altres,D,2496,496,229,3221,45.78516
8099,2021,Guardiola de Berguedà,Berguedà,342.37,8099,H,JXCAT,JXCAT,H,723,119,99,941,95.641129
8100,2021,Gurb,Osona,,8100,H,Altres,Altres,H,2458,134,121,2713,61.976551
8101,2021,"Hospitalet de Llobregat, l'",Barcelonès,688.73999,8101,D,PSC,PSC,D,126037,56134,87211,269382,7.1890869
8102,2021,Igualada,Anoia,466.03,8102,H,Altres,Altres,H,28718,5299,6725,40742,50.127392
8103,2021,Jorba,Anoia,474.17001,8103,H,ERC,ERC,H,715,78,40,833,56.45787
8104,2021,"Llacuna, la",Anoia,557.5,8104,H,Altres,Altres,H,697,62,144,903,53.701729
8105,2021,"Llagosta, la",Vallès Oriental,632.89001,8105,H,PSC,PSC,H,7890,3318,2379,13587,12.74194
8106,2021,Llinars del Vallès,Vallès Oriental,678.15002,8106,H,ERC,ERC,H,7066,1703,1249,10018,32.743561
8107,2021,Lliçà d'Amunt,Vallès Oriental,850.22998,8107,H,PSC,PSC,H,11642,2934,893,15469,24.120899
8108,2021,Lliçà de Vall,Vallès Oriental,862.12,8108,D,ERC,ERC,D,4777,1358,362,6497,22.11194
8109,2021,Lluçà,Osona,,8109,D,Altres,Altres,D,253,10,13,276,74.684593
8110,2021,Malgrat de Mar,Maresme,567.21002,8110,H,PSC,PSC,H,12325,3475,2972,18772,54.717312
8111,2021,Malla,Osona,,8111,H,Altres,Altres,H,256,2,14,272,54.387741
8112,2021,Manlleu,Osona,433.59,8112,H,ERC,ERC,H,13295,2354,5263,20912,67.315033
8113,2021,Manresa,Bages,446.59,8113,H,ERC,ERC,H,51116,9640,17489,78245,46.30925
8114,2021,Martorell,Baix Llobregat,587.46997,8114,H,Altres,Altres,H,17390,4885,6497,28772,21.590719
8115,2021,Martorelles,Vallès Oriental,633.97998,8115,H,ERC,ERC,H,3381,1015,424,4820,15.32297
8116,2021,"Masies de Roda, les",Osona,,8116,H,ERC,ERC,H,619,46,54,719,66.748627
8117,2021,"Masies de Voltregà, les",Osona,478.69,8117,D,Altres,Altres,D,2586,354,192,3132,69.37751
8118,2021,"Masnou, el",Maresme,835.65997,8118,H,ERC,ERC,H,16902,3501,3428,23831,15.0794
8119,2021,Masquefa,Anoia,620.44,8119,H,Altres,Altres,H,7127,1471,804,9402,31.885611
8120,2021,Matadepera,Vallès Occidental,1034.09,8120,H,Altres,Altres,H,8303,627,566,9496,25.53451
8121,2021,Mataró,Maresme,635.77002,8121,H,PSC,PSC,H,81040,23753,24868,129661,27.606951
8122,2021,Mediona,Alt Penedès,484.07001,8122,H,ERC,ERC,H,1807,315,247,2369,47.38055
8123,2021,Molins de Rei,Baix Llobregat,739.39001,8123,H,PSC,PSC,H,19598,3892,2450,25940,12.82802
8124,2021,Mollet del Vallès,Vallès Oriental,635.89001,8124,H,PSC,PSC,H,31613,11257,8730,51600,15.66294
8125,2021,Montcada i Reixac,Vallès Occidental,644.53998,8125,D,Altres,Altres,D,23841,6546,6416,36803,9.5612555
8126,2021,Montgat,Maresme,830.94,8126,H,PSC,PSC,H,8919,1817,1464,12200,11.99628
8127,2021,Monistrol de Montserrat,Bages,457.10999,8127,H,ERC,ERC,H,2205,449,485,3139,35.820889
8128,2021,Monistrol de Calders,Moianès,367.95999,8128,H,Altres,Altres,H,572,90,40,702,42.08099
8129,2021,Muntanyola,Osona,,8129,H,ERC,ERC,H,550,48,34,632,53.18457
8130,2021,Montclar,Berguedà,,8130,D,Altres,Altres,D,136,2,1,139,76.546593
8131,2021,Montesquiu,Osona,413.60999,8131,D,Altres,Altres,D,774,123,133,1030,78.900146
8132,2021,Montmajor,Berguedà,502,8132,D,Altres,Altres,D,416,15,38,469,77.552071
8133,2021,Montmaneu,Anoia,,8133,H,Altres,Altres,H,125,9,17,151,67.593491
8134,2021,FigaróMontmany,Vallès Oriental,625.22998,8134,H,Altres,Altres,H,804,146,192,1142,36.69899
8135,2021,Montmeló,Vallès Oriental,665.52002,8135,H,PSC,PSC,H,5594,2249,988,8831,18.18704
8136,2021,Montornès del Vallès,Vallès Oriental,650.34998,8136,H,Altres,Altres,H,10463,3748,2433,16644,17.753099
8137,2021,Montseny,Vallès Oriental,518.5,8137,D,ERC,ERC,D,305,22,24,351,44.012508
8138,2021,Moià,Moianès,500.06,8138,H,Altres,Altres,H,4721,614,1048,6383,46.151649
8139,2021,Mura,Bages,,8139,H,JXCAT,JXCAT,H,195,18,7,220,36.99564
8140,2021,Navarcles,Bages,462.79999,8140,H,Altres,Altres,H,4627,970,460,6057,44.845211
8141,2021,Navàs,Bages,433,8141,H,ERC,ERC,H,4688,715,615,6018,60.71143
8142,2021,"Nou de Berguedà, la",Berguedà,,8142,H,Altres,Altres,H,144,8,10,162,88.342682
8143,2021,Òdena,Anoia,481.60999,8143,D,Altres,Altres,D,2857,568,243,3668,49.680759
8144,2021,Olvan,Berguedà,407.64999,8144,H,Altres,Altres,H,758,60,40,858,76.237846
8145,2021,Olèrdola,Alt Penedès,675.89001,8145,H,Altres,Altres,H,2889,491,388,3768,38.468739
8146,2021,Olesa de Bonesvalls,Alt Penedès,805.56,8146,H,PSC,PSC,H,1380,321,139,1840,27.268009
8147,2021,Olesa de Montserrat,Baix Llobregat,546.09003,8147,H,Altres,Altres,H,17142,4028,2974,24144,28.01095
8148,2021,Olivella,Garraf,1002.5,8148,D,PSC,PSC,D,2348,596,991,3935,31.62075
8149,2021,Olost,Osona,489.64001,8149,H,Altres,Altres,H,1048,76,78,1202,65.397621
8150,2021,Orís,Osona,538.33002,8150,H,JXCAT,JXCAT,H,290,14,18,322,73.37619
8151,2021,Oristà,Osona,541.10999,8151,H,JXCAT,JXCAT,H,505,13,31,549,59.915581
8152,2021,Orpí,Anoia,,8152,D,Altres,Altres,D,136,9,6,151,49.069229
8153,2021,Òrrius,Maresme,653.89001,8153,H,ERC,ERC,H,665,55,38,758,23.12463
8154,2021,Pacs del Penedès,Alt Penedès,,8154,D,Altres,Altres,D,708,137,73,918,41.960491
8155,2021,Palafolls,Maresme,546.32001,8155,H,ERC,ERC,H,7285,1501,827,9613,56.596691
8156,2021,Palausolità i Plegamans,Vallès Occidental,795.71997,8156,H,ERC,ERC,H,11113,2411,1368,14892,20.842859
8157,2021,Pallejà,Baix Llobregat,762.40002,8157,D,Altres,Altres,D,8403,2148,1071,11622,14.6948
8158,2021,"Papiol, el",Baix Llobregat,665.27002,8158,H,ERC,ERC,H,3036,685,451,4172,14.03699
8159,2021,Parets del Vallès,Vallès Oriental,717.64001,8159,H,PSC,PSC,H,13706,3592,1773,19071,19.871719
8160,2021,Perafita,Osona,,8160,H,JXCAT,JXCAT,H,353,13,39,405,71.480179
8161,2021,Piera,Anoia,573.15997,8161,H,ERC,ERC,H,11691,2751,1692,16134,37.620548
8162,2021,"Hostalets de Pierola, els",Anoia,570.88,8162,H,ERC,ERC,H,2287,334,359,2980,36.450642
8163,2021,Pineda de Mar,Maresme,561.14001,8163,H,PSC,PSC,H,16560,5677,5747,27984,49.97356
8164,2021,"Pla del Penedès, el",Alt Penedès,459.17999,8164,D,Altres,Altres,D,1062,104,109,1275,38.239208
8165,2021,"Pobla de Claramunt, la",Anoia,469.62,8165,H,Altres,Altres,H,1723,329,133,2185,44.305019
8166,2021,"Pobla de Lillet, la",Berguedà,369,8166,H,ERC,ERC,H,873,146,74,1093,95.221046
8167,2021,Polinyà,Vallès Occidental,640.08002,8167,H,PSC,PSC,H,6387,1394,723,8504,17.366369
8168,2021,Pontons,Alt Penedès,,8168,H,Altres,Altres,H,358,56,114,528,
8169,2021,"Prat de Llobregat, el",Baix Llobregat,713.28998,8169,H,Altres,Altres,H,40987,15504,8894,65385,10.12519
8170,2021,"Prats de Rei, els",Anoia,332.98999,8170,D,Altres,Altres,D,481,32,24,537,62.386822
8171,2021,Prats de Lluçanès,Osona,402.25,8171,H,JXCAT,JXCAT,H,2167,182,255,2604,68.677727
8172,2021,Premià de Mar,Maresme,749.21997,8172,H,JXCAT,JXCAT,H,18624,4896,5011,28531,18.60218
8174,2021,Puigdàlber,Alt Penedès,595,8174,H,JXCAT,JXCAT,H,438,57,29,524,39.184139
8175,2021,Puigreig,Berguedà,411.26999,8175,H,JXCAT,JXCAT,H,3288,496,511,4295,68.045486
8176,2021,Pujalt,Anoia,,8176,H,Altres,Altres,H,188,2,20,210,71.587791
8177,2021,"Quar, la",Berguedà,,8177,D,ERC,ERC,D,40,2,7,49,79.927032
8178,2021,Rajadell,Bages,563.13,8178,H,Altres,Altres,H,459,58,17,534,53.06498
8179,2021,Rellinars,Vallès Occidental,474.82999,8179,D,Altres,Altres,D,663,99,47,809,34.911491
8180,2021,Ripollet,Vallès Occidental,624.59998,8180,H,Altres,Altres,H,24964,8013,6202,39179,11.05281
8181,2021,"Roca del Vallès, la",Vallès Oriental,737.22998,8181,H,ERC,ERC,H,8190,1767,797,10754,24.648491
8182,2021,"Pont de Vilomara i Rocafort, el",Bages,419.62,8182,H,PSC,PSC,H,2902,712,293,3907,41.536308
8183,2021,Roda de Ter,Osona,475.29001,8183,H,ERC,ERC,H,4926,639,925,6490,65.713562
8184,2021,Rubí,Vallès Occidental,651.06,8184,D,PSC,PSC,D,48800,15278,14513,78591,56.864189
8185,2021,Rubió,Anoia,,8185,H,Altres,Altres,H,208,22,9,239,15.40717
8187,2021,Sabadell,Vallès Occidental,667.40997,8187,D,PSC,PSC,D,142714,38607,35199,216520,16.93663
8188,2021,Sagàs,Berguedà,,8188,D,Altres,Altres,D,137,5,3,145,74.347038
8189,2021,Sant Pere Sallavinera,Anoia,,8189,H,Altres,Altres,H,137,8,6,151,62.06876
8190,2021,Saldes,Berguedà,,8190,H,Altres,Altres,H,246,26,6,278,98.94397
8191,2021,Sallent,Bages,374.54001,8191,H,ERC,ERC,H,5179,994,562,6735,52.34787
8192,2021,Santpedor,Bages,524.60999,8192,H,ERC,ERC,H,6335,792,477,7604,50.78891
8193,2021,Sant Iscle de Vallalta,Maresme,612.5,8193,H,Altres,Altres,H,1093,117,132,1342,41.414169
8194,2021,Sant Adrià de Besòs,Barcelonès,750.37,8194,D,PSC,PSC,D,23334,6964,7149,37447,5.5212712
8195,2021,Sant Agustí de Lluçanès,Osona,,8195,H,JXCAT,JXCAT,H,86,1,2,89,76.227203
8196,2021,Sant Andreu de la Barca,Baix Llobregat,633.41998,8196,H,PSC,PSC,H,17654,6043,3872,27569,16.98094
8197,2021,Sant Andreu de Llavaneres,Maresme,965.53003,8197,H,ERC,ERC,H,8202,1263,1668,11133,75.676651
8198,2021,Sant Antoni de Vilamajor,Vallès Oriental,745.90002,8198,H,Altres,Altres,H,4935,700,573,6208,35.871529
8199,2021,Sant Bartomeu del Grau,Osona,,8199,H,Altres,Altres,H,691,62,131,884,64.873093
8200,2021,Sant Boi de Llobregat,Baix Llobregat,693.22998,8200,D,PSC,PSC,D,53377,19401,11722,84500,12.48752
8201,2021,Sant Boi de Lluçanès,Osona,438,8201,H,Altres,Altres,H,477,45,58,580,73.125671
8202,2021,Sant Celoni,Vallès Oriental,589.25,8202,H,Altres,Altres,H,12716,2586,2834,18136,41.66927
8203,2021,Sant Cebrià de Vallalta,Maresme,649.21002,8203,H,ERC,ERC,H,2575,441,422,3438,43.24369
8204,2021,Sant Climent de Llobregat,Baix Llobregat,779.64001,8204,H,JXCAT,JXCAT,H,3369,557,234,4160,16.08135
8205,2021,Sant Cugat del Vallès,Vallès Occidental,1175.42,8205,D,ERC,ERC,D,65173,10651,17153,92977,10.82322
8206,2021,Sant Cugat Sesgarrigues,Alt Penedès,776.88,8206,H,ERC,ERC,H,811,106,92,1009,35.0271
8207,2021,Sant Esteve de Palautordera,Vallès Oriental,718.53003,8207,H,Altres,Altres,H,2393,166,305,2864,40.253689
8208,2021,Sant Esteve Sesrovires,Baix Llobregat,769.5,8208,H,PSC,PSC,H,5560,1387,749,7696,26.824671
8209,2021,Sant Fost de Campsentelles,Vallès Oriental,783.75,8209,D,Altres,Altres,D,6393,1853,607,8853,14.05796
8210,2021,Sant Feliu de Codines,Vallès Oriental,593.54999,8210,D,Altres,Altres,D,4833,618,912,6363,32.065022
8211,2021,Sant Feliu de Llobregat,Baix Llobregat,792.91998,8211,D,Altres,Altres,D,29630,10179,5658,45467,10.54577
8212,2021,Sant Feliu Sasserra,Bages,421.67001,8212,H,ERC,ERC,H,539,29,37,605,61.830528
8213,2021,Sant Fruitós de Bages,Bages,545.31,8213,H,ERC,ERC,H,6972,1121,744,8837,46.174461
8214,2021,Vilassar de Dalt,Maresme,831.21997,8214,D,Altres,Altres,D,7116,1191,765,9072,20.420509
8215,2021,Sant Hipòlit de Voltregà,Osona,487.23999,8215,H,JXCAT,JXCAT,H,2807,329,404,3540,68.615067
8216,2021,Sant Jaume de Frontanyà,Berguedà,,8216,H,Altres,Altres,H,28,1,1,30,88.300529
8217,2021,Sant Joan Despí,Baix Llobregat,795.62,8217,D,PSC,PSC,D,22133,7612,4522,34267,10.18683
8218,2021,Sant Joan de Vilatorrada,Bages,458.88,8218,H,Altres,Altres,H,7979,1869,1150,10998,48.818539
8219,2021,Vilassar de Mar,Maresme,864.90002,8219,H,ERC,ERC,H,16013,2767,2255,21035,21.72504
8220,2021,Sant Julià de Vilatorta,Osona,589.95001,8220,H,Altres,Altres,H,2838,133,169,3140,59.502102
8221,2021,Sant Just Desvern,Baix Llobregat,1132.47,8221,H,PSC,PSC,H,13097,2612,2961,18670,8.0715427
8222,2021,Sant Llorenç d'Hortons,Alt Penedès,570.12,8222,H,Altres,Altres,H,1941,271,216,2428,29.79652
8223,2021,Sant Llorenç Savall,Vallès Occidental,520.26001,8223,H,ERC,ERC,H,1888,327,202,2417,32.257561
8224,2021,Sant Martí de Centelles,Osona,554.51001,8224,D,Altres,Altres,D,877,149,158,1184,40.945862
8225,2021,Sant Martí d'Albars,Osona,,8225,H,JXCAT,JXCAT,H,112,1,1,114,70.244667
8226,2021,Sant Martí de Tous,Anoia,442.85999,8226,H,ERC,ERC,H,1093,88,47,1228,56.72044
8227,2021,Sant Martí Sarroca,Alt Penedès,611.77002,8227,H,Altres,Altres,H,2650,274,337,3261,46.677299
8228,2021,Sant Martí Sesgueioles,Anoia,,8228,D,Altres,Altres,D,314,25,3,342,65.822769
8229,2021,Sant Mateu de Bages,Bages,605.56,8229,H,JXCAT,JXCAT,H,553,30,25,608,57.16415
8230,2021,Premià de Dalt,Maresme,1070.72,8230,H,Altres,Altres,H,7419,1710,1312,10441,18.71377
8231,2021,Sant Pere de Ribes,Garraf,712.56,8231,D,PSC,PSC,D,19894,5070,6147,31111,36.59161
8232,2021,Sant Pere de Riudebitlles,Alt Penedès,497.92999,8232,H,Altres,Altres,H,1957,262,161,2380,39.312988
8233,2021,Sant Pere de Torelló,Osona,392.87,8233,H,Altres,Altres,H,2014,175,281,2470,75.780693
8234,2021,Sant Pere de Vilamajor,Vallès Oriental,797.46002,8234,D,ERC,ERC,D,3594,586,364,4544,36.385479
8235,2021,Sant Pol de Mar,Maresme,760.98999,8235,H,ERC,ERC,H,4042,482,904,5428,43.842701
8236,2021,Sant Quintí de Mediona,Alt Penedès,478.67001,8236,H,ERC,ERC,H,1711,228,378,2317,42.783581
8237,2021,Sant Quirze de Besora,Osona,367.25,8237,H,Altres,Altres,H,1738,189,227,2154,16.524611
8238,2021,Sant Quirze del Vallès,Vallès Occidental,858.81,8238,D,ERC,ERC,D,16013,2594,1588,20195,36.51685
8239,2021,Sant Quirze Safaja,Moianès,1170.83,8239,D,JXCAT,JXCAT,D,543,45,43,631,78.057716
8240,2021,Sant Sadurní d'Anoia,Alt Penedès,582.88,8240,H,ERC,ERC,H,9619,1821,1401,12841,32.044899
8241,2021,Sant Sadurní d'Osormort,Osona,,8241,H,JXCAT,JXCAT,H,69,4,3,76,58.461639
8242,2021,Marganell,Bages,,8242,D,Altres,Altres,D,212,30,24,266,41.207981
8243,2021,Santa Cecília de Voltregà,Osona,,8243,H,JXCAT,JXCAT,H,178,2,2,182,66.024063
8244,2021,Santa Coloma de Cervelló,Baix Llobregat,792.34998,8244,H,ERC,ERC,H,6546,1160,562,8268,13.46294
8245,2021,Santa Coloma de Gramenet,Barcelonès,607.35999,8245,D,PSC,PSC,D,59832,27888,32723,120443,6.649395
8246,2021,Santa Eugènia de Berga,Osona,547.5,8246,H,JXCAT,JXCAT,H,1865,151,262,2278,56.389252
8247,2021,Santa Eulàlia de Riuprimer,Osona,565.21002,8247,H,Altres,Altres,H,1188,95,100,1383,56.79612
8248,2021,Santa Eulàlia de Ronçana,Vallès Oriental,863.79999,8248,H,Altres,Altres,H,5882,1010,534,7426,28.28124
8249,2021,Santa Fe del Penedès,Alt Penedès,,8249,H,Altres,Altres,H,309,22,36,367,37.541191
8250,2021,Santa Margarida de Montbui,Anoia,445.82001,8250,H,Altres,Altres,H,6561,2284,1380,10225,50.64576
8251,2021,Santa Margarida i els Monjos,Alt Penedès,468.88,8251,D,PSC,PSC,D,5192,1206,1278,7676,43.16684
8252,2021,Barberà del Vallès,Vallès Occidental,666.87,8252,H,PSC,PSC,H,22268,7564,3502,33334,13.3037
8253,2021,Santa Maria de Besora,Osona,,8253,H,Altres,Altres,H,150,4,7,161,81.201378
8254,2021,"Esquirol, l'",Osona,465,8254,H,ERC,ERC,H,1941,93,152,2186,72.511322
8255,2021,Santa Maria de Merlès,Berguedà,,8255,H,JXCAT,JXCAT,H,175,5,4,184,68.559196
8256,2021,Santa Maria de Martorelles,Vallès Oriental,,8256,H,ERC,ERC,H,736,116,38,890,14.98735
8257,2021,Santa Maria de Miralles,Anoia,,8257,H,Altres,Altres,H,98,11,10,119,55.203201
8258,2021,Santa Maria d'Oló,Moianès,451.67001,8258,H,ERC,ERC,H,889,60,75,1024,53.820438
8259,2021,Santa Maria de Palautordera,Vallès Oriental,631.94,8259,H,Altres,Altres,H,7176,1287,1167,9630,39.802731
8260,2021,Santa Perpètua de Mogoda,Vallès Occidental,657.09998,8260,D,Altres,Altres,D,17639,4962,3398,25999,15.08737
8261,2021,Santa Susanna,Maresme,861.87,8261,H,Altres,Altres,H,2399,481,668,3548,51.725868
8262,2021,Sant Vicenç de Castellet,Bages,466.73001,8262,D,ERC,ERC,D,6678,1587,1502,9767,39.213242
8263,2021,Sant Vicenç dels Horts,Baix Llobregat,673.83002,8263,H,PSC,PSC,H,19293,5817,3158,28268,13.41602
8264,2021,Sant Vicenç de Montalt,Maresme,1401.91,8264,H,JXCAT,JXCAT,H,4813,731,908,6452,34.365231
8265,2021,Sant Vicenç de Torelló,Osona,442.07999,8265,H,Altres,Altres,H,1760,153,145,2058,74.318977
8266,2021,Cerdanyola del Vallès,Vallès Occidental,729.71002,8266,H,PSC,PSC,H,37072,12778,8005,57855,10.37168
8267,2021,Sentmenat,Vallès Occidental,607.46997,8267,H,Altres,Altres,H,7061,1431,743,9235,23.219219
8268,2021,Cercs,Berguedà,365.47,8268,H,Altres,Altres,H,911,170,69,1150,86.795883
8269,2021,Seva,Osona,744.39001,8269,D,ERC,ERC,D,2984,271,289,3544,49.658791
8270,2021,Sitges,Garraf,1011.78,8270,D,ERC,ERC,D,16852,4057,8644,29553,35.09885
8271,2021,Sobremunt,Osona,,8271,H,Altres,Altres,H,72,1,5,78,70.66864
8272,2021,Sora,Osona,,8272,H,JXCAT,JXCAT,H,191,11,10,212,79.202309
8273,2021,Subirats,Alt Penedès,589.46997,8273,H,Altres,Altres,H,2611,265,228,3104,31.200399
8274,2021,Súria,Bages,395.60999,8274,H,PSC,PSC,H,4429,964,555,5948,59.423149
8275,2021,Tavèrnoles,Osona,,8275,H,JXCAT,JXCAT,H,299,12,11,322,62.679981
8276,2021,Tagamanent,Vallès Oriental,,8276,H,ERC,ERC,H,236,42,40,318,38.469551
8277,2021,Talamanca,Bages,,8277,H,Altres,Altres,H,175,24,10,209,40.69009
8278,2021,Taradell,Osona,573.42999,8278,D,ERC,ERC,D,5570,405,665,6640,53.32851
8279,2021,Terrassa,Vallès Occidental,597.31,8279,H,Altres,Altres,H,147960,37130,38537,223627,22.43899
8280,2021,Tavertet,Osona,,8280,H,JXCAT,JXCAT,H,86,10,9,105,69.316628
8281,2021,Teià,Maresme,1232.0699,8281,H,ERC,ERC,H,4918,808,701,6427,16.649509
8282,2021,Tiana,Maresme,984.22998,8282,D,ERC,ERC,D,7330,957,658,8945,12.18433
8283,2021,Tona,Osona,544.29999,8283,H,Altres,Altres,H,6551,852,953,8356,50.102009
8284,2021,Tordera,Maresme,514.47998,8284,H,JXCAT,JXCAT,H,12579,2763,2177,17519,56.437389
8285,2021,Torelló,Osona,456.89001,8285,H,ERC,ERC,H,10608,1684,2108,14400,72.439323
8286,2021,"Torre de Claramunt, la",Anoia,608.71997,8286,H,Altres,Altres,H,2823,718,200,3741,45.04987
8287,2021,Torrelavit,Alt Penedès,543.27002,8287,H,ERC,ERC,H,1212,107,103,1422,37.167728
8288,2021,Torrelles de Foix,Alt Penedès,476.98999,8288,H,Altres,Altres,H,1599,385,414,2398,50.115829
8289,2021,Torrelles de Llobregat,Baix Llobregat,724.5,8289,H,Altres,Altres,H,4925,680,468,6073,16.50234
8290,2021,Ullastrell,Vallès Occidental,810.48999,8290,H,ERC,ERC,H,1843,148,98,2089,22.75771
8291,2021,Vacarisses,Vallès Occidental,759.21002,8291,H,ERC,ERC,H,5490,842,500,6832,31.324089
8292,2021,Vallbona d'Anoia,Anoia,467.73001,8292,D,Altres,Altres,D,1025,204,128,1357,40.733219
8293,2021,Vallcebre,Berguedà,,8293,H,JXCAT,JXCAT,H,227,16,6,249,93.965073
8294,2021,Vallgorguina,Vallès Oriental,753.02002,8294,H,JXCAT,JXCAT,H,2417,280,291,2988,39.36298
8295,2021,Vallirana,Baix Llobregat,748.23999,8295,D,PSC,PSC,D,10997,2819,1496,15312,20.01893
8296,2021,Vallromanes,Vallès Oriental,1083.88,8296,H,ERC,ERC,H,2078,239,241,2558,18.264259
8297,2021,Veciana,Anoia,,8297,H,Altres,Altres,H,151,13,11,175,63.505299
8298,2021,Vic,Osona,544.42999,8298,D,JXCAT,JXCAT,D,28565,3893,15172,47630,59.243382
8299,2021,Vilada,Berguedà,,8299,H,ERC,ERC,H,380,30,9,419,84.27964
8300,2021,Viladecavalls,Vallès Occidental,817.96002,8300,D,JXCAT,JXCAT,D,5981,1209,355,7545,24.94342
8301,2021,Viladecans,Baix Llobregat,741.42999,8301,H,PSC,PSC,H,43828,15360,8009,67197,15.65038
8302,2021,Vilanova del Camí,Anoia,435.07999,8302,D,PSC,PSC,D,8590,2845,1161,12596,48.33329
8303,2021,Vilanova de Sau,Osona,,8303,H,Altres,Altres,H,284,13,15,312,63.35672
8304,2021,Vilobí del Penedès,Alt Penedès,928.34998,8304,H,Altres,Altres,H,940,72,90,1102,42.459492
8305,2021,Vilafranca del Penedès,Alt Penedès,541.19,8305,H,JXCAT,JXCAT,H,27056,5518,7580,40154,39.682449
8306,2021,Vilalba Sasserra,Vallès Oriental,542.38,8306,H,Altres,Altres,H,577,78,98,753,35.93919
8307,2021,Vilanova i la Geltrú,Garraf,651.25,8307,D,ERC,ERC,D,44867,12295,10571,67733,42.0527
8308,2021,Viver i Serrateix,Berguedà,,8308,D,JXCAT,JXCAT,D,166,4,2,172,68.960709
8901,2021,Rupit i Pruit,Osona,,8901,H,Altres,Altres,H,250,6,15,271,73.561157
8902,2021,Vilanova del Vallès,Vallès Oriental,828.19,8902,D,Altres,Altres,D,4425,677,401,5503,19.553499
8903,2021,Sant Julià de Cerdanyola,Berguedà,,8903,H,Altres,Altres,H,218,11,0,229,94.403236
8904,2021,Badia del Vallès,Vallès Occidental,306.26999,8904,D,PSC,PSC,D,8574,3627,1214,13415,12.88854
8905,2021,"Palma de Cervelló, la",Baix Llobregat,673.58002,8905,H,Altres,Altres,H,2315,384,293,2992,16.95993
17001,2021,Agullana,Alt Empordà,490.91,17001,H,JXCAT,JXCAT,H,617,87,159,863,123.8377
17002,2021,Aiguaviva,Gironès,,17002,H,ERC,ERC,H,662,62,41,765,77.419144
17003,2021,Albanyà,Alt Empordà,,17003,H,Altres,Altres,H,116,18,21,155,110.4601
17004,2021,Albons,Baix Empordà,615.83002,17004,H,JXCAT,JXCAT,H,581,47,131,759,108.9046
17005,2021,"Far d'Empordà, el",Alt Empordà,,17005,H,ERC,ERC,H,490,63,49,602,116.7384
17006,2021,Alp,Cerdanya,558.17999,17006,H,Altres,Altres,H,1169,170,254,1593,110.6999
17007,2021,Amer,Selva,457.73001,17007,D,JXCAT,JXCAT,D,1903,184,245,2332,76.754372
17008,2021,Anglès,Selva,469.32999,17008,H,JXCAT,JXCAT,H,3956,388,1310,5654,73.042198
17009,2021,Arbúcies,Selva,429.25,17009,H,Altres,Altres,H,4620,426,1562,6608,54.404072
17010,2021,Argelaguer,Garrotxa,,17010,H,Altres,Altres,H,328,32,36,396,98.520821
17011,2021,"Armentera, l'",Alt Empordà,570,17011,H,JXCAT,JXCAT,H,750,44,157,951,113.9493
17012,2021,Avinyonet de Puigventós,Alt Empordà,776.91998,17012,D,Altres,Altres,D,1292,207,142,1641,112.7558
17013,2021,Begur,Baix Empordà,666.82001,17013,D,JXCAT,JXCAT,D,2572,592,727,3891,105.8775
17014,2021,"Vajol, la",Alt Empordà,,17014,H,JXCAT,JXCAT,H,53,9,27,89,123.0697
17015,2021,Banyoles,Pla de l'Estany,575.09003,17015,H,JXCAT,JXCAT,H,14403,1332,4318,20053,93.76815
17016,2021,Bàscara,Alt Empordà,518.73999,17016,H,ERC,ERC,H,797,73,131,1001,104.4056
17018,2021,Bellcaire d'Empordà,Baix Empordà,566.66998,17018,D,JXCAT,JXCAT,D,529,60,89,678,107.5861
17019,2021,Besalú,Garrotxa,509.85999,17019,H,JXCAT,JXCAT,H,1902,231,354,2487,99.171082
17020,2021,Bescanó,Gironès,591.28998,17020,H,ERC,ERC,H,4282,386,323,4991,78.613953
17021,2021,Beuda,Garrotxa,,17021,H,JXCAT,JXCAT,H,144,9,33,186,103.2145
17022,2021,"Bisbal d'Empordà, la",Baix Empordà,455.76999,17022,H,ERC,ERC,H,7388,1172,2599,11159,95.149429
17023,2021,Blanes,Selva,503.98001,17023,H,ERC,ERC,H,24004,7460,8450,39914,59.964561
17024,2021,Bolvir,Cerdanya,1161.67,17024,H,Altres,Altres,H,295,23,57,375,115.6948
17025,2021,Bordils,Gironès,620.87,17025,D,JXCAT,JXCAT,D,1312,131,318,1761,94.359848
17026,2021,Borrassà,Alt Empordà,698.89001,17026,H,Altres,Altres,H,605,59,69,733,110.8538
17027,2021,Breda,Selva,520.75,17027,H,ERC,ERC,H,2952,422,388,3762,50.43615
17028,2021,Brunyola i Sant Martí Sapresa,Selva,777.78003,17028,D,JXCAT,JXCAT,D,340,18,31,389,70.474564
17029,2021,Boadella i les Escaules,Alt Empordà,,17029,H,ERC,ERC,H,222,18,32,272,117.8681
17030,2021,Cabanes,Alt Empordà,684.38,17030,H,JXCAT,JXCAT,H,664,92,212,968,121.0806
17031,2021,Cabanelles,Alt Empordà,,17031,H,JXCAT,JXCAT,H,188,16,63,267,106.8136
17032,2021,Cadaqués,Alt Empordà,664.22998,17032,D,Altres,Altres,D,1522,323,850,2695,134.7153
17033,2021,Caldes de Malavella,Selva,744.34998,17033,H,JXCAT,JXCAT,H,5774,1151,947,7872,72.014793
17034,2021,Calonge i Sant Antoni,Baix Empordà,645.96997,17034,H,JXCAT,JXCAT,H,6981,1448,2902,11331,90.956352
17035,2021,Camós,Pla de l'Estany,568.33002,17035,H,ERC,ERC,H,604,32,41,677,91.475037
17036,2021,Campdevànol,Ripollès,417.17999,17036,D,JXCAT,JXCAT,D,2616,428,188,3232,91.594109
17037,2021,Campelles,Ripollès,,17037,D,JXCAT,JXCAT,D,120,7,13,140,99.511276
17038,2021,Campllong,Gironès,,17038,H,JXCAT,JXCAT,H,467,22,48,537,77.58519
17039,2021,Camprodon,Ripollès,516.59003,17039,H,Altres,Altres,H,1714,207,377,2298,102.8458
17040,2021,Canet d'Adri,Gironès,1188.75,17040,H,Altres,Altres,H,620,48,61,729,84.770363
17041,2021,Cantallops,Alt Empordà,,17041,H,ERC,ERC,H,222,21,66,309,129.6644
17042,2021,Capmany,Alt Empordà,536.42999,17042,H,Altres,Altres,H,430,51,130,611,124.7885
17043,2021,Queralbs,Ripollès,,17043,D,JXCAT,JXCAT,D,166,12,10,188,105.4313
17044,2021,Cassà de la Selva,Gironès,566.41998,17044,H,JXCAT,JXCAT,H,7610,916,1884,10410,79.815086
17046,2021,Castellfollit de la Roca,Garrotxa,353.20001,17046,H,ERC,ERC,H,745,70,132,947,96.348373
17047,2021,Castelló d'Empúries,Alt Empordà,528.03998,17047,H,ERC,ERC,H,4924,1120,5056,11100,121.3424
17048,2021,CastellPlatja d'Aro,Baix Empordà,708.15997,17048,H,PSC,PSC,H,5427,1607,3996,11030,87.785187
17049,2021,Celrà,Gironès,573.75,17049,H,Altres,Altres,H,3845,480,1236,5561,90.978851
17050,2021,Cervià de Ter,Gironès,608.33002,17050,D,JXCAT,JXCAT,D,766,70,130,966,96.277962
17051,2021,Cistella,Alt Empordà,,17051,H,Altres,Altres,H,235,12,35,282,111.6603
17052,2021,Siurana,Alt Empordà,,17052,H,Altres,Altres,H,141,14,16,171,112.8701
17054,2021,Colera,Alt Empordà,430,17054,H,Altres,Altres,H,301,60,84,445,138.1093
17055,2021,Colomers,Baix Empordà,,17055,H,Altres,Altres,H,146,10,18,174,101.8504
17056,2021,Cornellà del Terri,Pla de l'Estany,636.21997,17056,H,JXCAT,JXCAT,H,2024,143,232,2399,93.524803
17057,2021,Corçà,Baix Empordà,675.45001,17057,H,Altres,Altres,H,1051,109,108,1268,95.959511
17058,2021,Crespià,Pla de l'Estany,,17058,H,JXCAT,JXCAT,H,187,18,49,254,101.883
17060,2021,Darnius,Alt Empordà,454.17001,17060,H,JXCAT,JXCAT,H,366,80,91,537,120.6991
17061,2021,Das,Cerdanya,671.88,17061,H,ERC,ERC,H,204,16,14,234,109.7276
17062,2021,"Escala, l'",Alt Empordà,582,17062,H,Altres,Altres,H,5588,1225,3431,10244,113.4627
17063,2021,Espinelves,Osona,650,17063,H,Altres,Altres,H,198,13,10,221,55.984489
17064,2021,Espolla,Alt Empordà,,17064,H,Altres,Altres,H,315,41,56,412,129.8373
17065,2021,Esponellà,Pla de l'Estany,943.89001,17065,H,ERC,ERC,H,390,28,45,463,100.833
17066,2021,Figueres,Alt Empordà,476.75,17066,D,ERC,ERC,D,26067,6056,15112,47235,116.3692
17067,2021,Flaçà,Gironès,559.22998,17067,H,JXCAT,JXCAT,H,772,83,275,1130,97.092979
17068,2021,Foixà,Baix Empordà,,17068,H,JXCAT,JXCAT,H,266,15,22,303,98.902267
17069,2021,Fontanals de Cerdanya,Cerdanya,1059.38,17069,H,Altres,Altres,H,351,47,39,437,111.7142
17070,2021,Fontanilles,Baix Empordà,,17070,H,JXCAT,JXCAT,H,114,5,27,146,103.1371
17071,2021,Fontcoberta,Pla de l'Estany,,17071,H,ERC,ERC,H,1295,97,77,1469,97.229912
17073,2021,Fornells de la Selva,Gironès,831.77002,17073,D,JXCAT,JXCAT,D,2307,191,172,2670,79.769402
17074,2021,Fortià,Alt Empordà,640.38,17074,H,Altres,Altres,H,550,96,141,787,118.1363
17075,2021,Garrigàs,Alt Empordà,789.44,17075,D,Altres,Altres,D,382,22,47,451,109.4733
17076,2021,Garrigoles,Baix Empordà,644.16998,17076,H,Altres,Altres,H,138,5,24,167,106.2414
17077,2021,Garriguella,Alt Empordà,601.21997,17077,D,Altres,Altres,D,593,71,189,853,127.9511
17078,2021,Ger,Cerdanya,1027.5,17078,H,JXCAT,JXCAT,H,384,30,35,449,115.5654
17079,2021,Girona,Gironès,624.04999,17079,D,JXCAT,JXCAT,D,64908,12385,26076,103369,84.263763
17080,2021,Gombrèn,Ripollès,,17080,H,Altres,Altres,H,162,16,14,192,94.461067
17081,2021,Gualta,Baix Empordà,625,17081,H,Altres,Altres,H,283,19,100,402,104.2866
17082,2021,Guils de Cerdanya,Cerdanya,790,17082,H,JXCAT,JXCAT,H,450,42,57,549,119.0184
17083,2021,Hostalric,Selva,502.63,17083,H,Altres,Altres,H,3049,581,661,4291,54.53294
17084,2021,Isòvol,Cerdanya,828.57001,17084,H,JXCAT,JXCAT,H,248,18,15,281,114.226
17085,2021,Jafre,Baix Empordà,,17085,D,Altres,Altres,D,319,16,52,387,102.2462
17086,2021,"Jonquera, la",Alt Empordà,443.67001,17086,D,JXCAT,JXCAT,D,1395,506,1419,3320,127.226
17087,2021,Juià,Gironès,,17087,H,JXCAT,JXCAT,H,264,18,37,319,91.886108
17088,2021,Lladó,Alt Empordà,504.44,17088,H,ERC,ERC,H,708,49,87,844,108.2284
17089,2021,Llagostera,Gironès,504.92001,17089,H,ERC,ERC,H,6078,953,1616,8647,76.506119
17090,2021,Llambilles,Gironès,,17090,H,JXCAT,JXCAT,H,624,49,40,713,81.400772
17091,2021,Llanars,Ripollès,,17091,H,ERC,ERC,H,447,15,73,535,103.3631
17092,2021,Llançà,Alt Empordà,512,17092,D,Altres,Altres,D,3233,758,784,4775,134.49361
17093,2021,Llers,Alt Empordà,662.5,17093,H,Altres,Altres,H,947,131,159,1237,116.9364
17094,2021,Llívia,Cerdanya,580,17094,H,Altres,Altres,H,1045,149,237,1431,119.3447
17095,2021,Lloret de Mar,Selva,513.60999,17095,H,JXCAT,JXCAT,H,16358,6576,16155,39089,65.568336
17096,2021,"Llosses, les",Ripollès,,17096,H,ERC,ERC,H,189,7,16,212,83.483948
17097,2021,Madremanya,Gironès,,17097,D,Altres,Altres,D,242,9,37,288,92.58252
17098,2021,Maià de Montcal,Garrotxa,,17098,H,JXCAT,JXCAT,H,348,26,89,463,103.0068
17099,2021,Meranges,Cerdanya,,17099,H,JXCAT,JXCAT,H,88,4,8,100,120.4796
17100,2021,Masarac,Alt Empordà,,17100,H,Altres,Altres,H,213,11,64,288,124.8116
17101,2021,Massanes,Selva,,17101,H,Altres,Altres,H,634,103,59,796,57.0401
17102,2021,Maçanet de Cabrenys,Alt Empordà,469.64001,17102,D,ERC,ERC,D,540,65,93,698,119.7204
17103,2021,Maçanet de la Selva,Selva,598.03998,17103,D,JXCAT,JXCAT,D,4821,1246,999,7066,62.798771
17105,2021,Mieres,Garrotxa,766.33002,17105,H,Altres,Altres,H,288,22,35,345,89.499527
17106,2021,Mollet de Peralada,Alt Empordà,,17106,H,Altres,Altres,H,152,23,23,198,126.8807
17107,2021,Molló,Ripollès,,17107,H,JXCAT,JXCAT,H,304,10,22,336,107.0958
17109,2021,Montagut i Oix,Garrotxa,575.56,17109,D,Altres,Altres,D,804,45,81,930,98.775726
17110,2021,Montras,Baix Empordà,566.66998,17110,D,JXCAT,JXCAT,D,1193,287,200,1680,98.419991
17111,2021,Navata,Alt Empordà,689.59998,17111,H,JXCAT,JXCAT,H,1113,89,225,1427,107.9211
17112,2021,Ogassa,Ripollès,,17112,H,ERC,ERC,H,205,23,12,240,96.638733
17114,2021,Olot,Garrotxa,451.44,17114,H,JXCAT,JXCAT,H,23314,3336,9276,35926,90.82428
17115,2021,Ordis,Alt Empordà,,17115,D,ERC,ERC,D,307,26,28,361,109.546
17116,2021,Osor,Selva,492.85999,17116,H,Altres,Altres,H,355,28,45,428,68.573883
17117,2021,Palafrugell,Baix Empordà,491.47,17117,H,ERC,ERC,H,14046,3112,6086,23244,100.5672
17118,2021,Palamós,Baix Empordà,576.14001,17118,H,ERC,ERC,H,11678,2855,3602,18135,94.087593
17119,2021,Palau de Santa Eulàlia,Alt Empordà,,17119,H,ERC,ERC,H,76,8,6,90,108.266
17120,2021,Palausaverdera,Alt Empordà,633.46002,17120,D,Altres,Altres,D,912,114,430,1456,129.49719
17121,2021,Palausator,Baix Empordà,,17121,H,ERC,ERC,H,255,6,49,310,101.8053
17123,2021,Palol de Revardit,Pla de l'Estany,,17123,H,JXCAT,JXCAT,H,391,31,26,448,90.767662
17124,2021,Pals,Baix Empordà,772.25,17124,H,JXCAT,JXCAT,H,1611,203,581,2395,102.9987
17125,2021,Pardines,Ripollès,,17125,D,Altres,Altres,D,153,9,7,169,101.4049
17126,2021,Parlavà,Baix Empordà,,17126,H,ERC,ERC,H,360,9,22,391,99.453857
17128,2021,Pau,Alt Empordà,,17128,H,JXCAT,JXCAT,H,373,25,159,557,128.4912
17129,2021,Pedret i Marzà,Alt Empordà,,17129,H,Altres,Altres,H,149,15,27,191,125.632
17130,2021,"Pera, la",Baix Empordà,,17130,H,Altres,Altres,H,368,22,45,435,95.96579
17132,2021,Peralada,Alt Empordà,691.51001,17132,H,Altres,Altres,H,1451,143,304,1898,122.5356
17133,2021,"Planes d'Hostoles, les",Garrotxa,470,17133,H,JXCAT,JXCAT,H,1424,70,218,1712,78.935448
17134,2021,Planoles,Ripollès,,17134,H,Altres,Altres,H,244,19,41,304,101.9477
17135,2021,Pont de Molins,Alt Empordà,533.33002,17135,H,JXCAT,JXCAT,H,374,69,73,516,119.4381
17136,2021,Pontós,Alt Empordà,,17136,D,Altres,Altres,D,203,20,37,260,107.0669
17137,2021,Porqueres,Pla de l'Estany,590.28003,17137,H,Altres,Altres,H,3973,325,379,4677,93.852318
17138,2021,Portbou,Alt Empordà,348.89001,17138,H,JXCAT,JXCAT,H,626,235,202,1063,140.28641
17139,2021,"Preses, les",Garrotxa,375.45001,17139,H,JXCAT,JXCAT,H,1626,107,122,1855,86.029411
17140,2021,"Port de la Selva, el",Alt Empordà,589.66998,17140,H,Altres,Altres,H,606,105,247,958,134.9278
17141,2021,Puigcerdà,Cerdanya,540.85999,17141,H,JXCAT,JXCAT,H,5297,1446,2743,9486,116.545
17142,2021,Quart,Gironès,617.76001,17142,H,Altres,Altres,H,3118,401,279,3798,81.725357
17143,2021,Rabós,Alt Empordà,,17143,D,Altres,Altres,D,145,9,30,184,129.9243
17144,2021,Regencós,Baix Empordà,,17144,D,ERC,ERC,D,221,17,38,276,103.253
17145,2021,Ribes de Freser,Ripollès,475.73999,17145,D,JXCAT,JXCAT,D,1358,221,181,1760,100.8805
17146,2021,Riells i Viabrea,Selva,687.54999,17146,H,ERC,ERC,H,3132,611,410,4153,48.41399
17147,2021,Ripoll,Ripollès,393.89001,17147,H,JXCAT,JXCAT,H,7661,1471,1671,10803,88.776749
17148,2021,Riudarenes,Selva,668.12,17148,H,JXCAT,JXCAT,H,1606,279,319,2204,65.258789
17149,2021,Riudaura,Garrotxa,537.5,17149,H,Altres,Altres,H,429,25,27,481,89.807297
17150,2021,Riudellots de la Selva,Selva,588.81,17150,D,JXCAT,JXCAT,D,1575,171,325,2071,76.110184
17151,2021,Riumors,Alt Empordà,,17151,H,Altres,Altres,H,202,9,35,246,116.8761
17152,2021,Roses,Alt Empordà,505.67999,17152,H,ERC,ERC,H,9724,3388,6695,19807,127.0819
17153,2021,Rupià,Baix Empordà,,17153,H,Altres,Altres,H,222,8,43,273,98.062347
17154,2021,Sales de Llierca,Garrotxa,,17154,H,Altres,Altres,H,117,11,31,159,101.0303
17155,2021,Salt,Gironès,472.81,17155,D,ERC,ERC,D,15666,3506,12966,32138,81.817513
17157,2021,Sant Andreu Salou,Gironès,,17157,H,JXCAT,JXCAT,H,140,7,13,160,32.169861
17158,2021,Sant Climent Sescebes,Alt Empordà,588.44,17158,D,ERC,ERC,D,408,191,108,707,126.8374
17159,2021,Sant Feliu de Buixalleu,Selva,,17159,H,JXCAT,JXCAT,H,672,55,70,797,55.557758
17160,2021,Sant Feliu de Guíxols,Baix Empordà,554.77002,17160,H,Altres,Altres,H,13683,3503,4911,22097,83.074677
17161,2021,Sant Feliu de Pallerols,Garrotxa,366.85999,17161,H,ERC,ERC,H,1165,52,220,1437,80.138077
17162,2021,Sant Ferriol,Garrotxa,,17162,H,JXCAT,JXCAT,H,185,16,35,236,97.842453
17163,2021,Sant Gregori,Gironès,724.87,17163,H,JXCAT,JXCAT,H,3431,259,238,3928,80.858368
17164,2021,Sant Hilari Sacalm,Selva,389.17999,17164,H,Altres,Altres,H,4102,644,957,5703,60.169491
17165,2021,Sant Jaume de Llierca,Garrotxa,465.76999,17165,H,JXCAT,JXCAT,H,688,55,128,871,97.287453
17166,2021,Sant Jordi Desvalls,Gironès,512.85999,17166,D,ERC,ERC,D,621,39,100,760,98.926048
17167,2021,Sant Joan de les Abadesses,Ripollès,397.53,17167,H,Altres,Altres,H,2648,303,273,3224,93.223457
17168,2021,Sant Joan de Mollet,Gironès,787.5,17168,H,Altres,Altres,H,411,41,46,498,96.146584
17169,2021,Sant Julià de Ramis,Gironès,773.91998,17169,H,ERC,ERC,H,2696,494,386,3576,90.087883
17170,2021,Vallfogona de Ripollès,Ripollès,,17170,H,Altres,Altres,H,179,6,11,196,89.213516
17171,2021,Sant Llorenç de la Muga,Alt Empordà,,17171,D,Altres,Altres,D,187,15,63,265,114.417
17172,2021,Sant Martí de Llémena,Gironès,,17172,D,JXCAT,JXCAT,D,534,35,72,641,81.041
17173,2021,Sant Martí Vell,Gironès,,17173,D,Altres,Altres,D,191,19,41,251,93.419189
17174,2021,Sant Miquel de Campmajor,Pla de l'Estany,,17174,H,Altres,Altres,H,194,9,26,229,91.993637
17175,2021,Sant Miquel de Fluvià,Alt Empordà,589.28998,17175,H,Altres,Altres,H,503,138,120,761,109.81
17176,2021,Sant Mori,Alt Empordà,,17176,H,ERC,ERC,H,116,14,36,166,107.9494
17177,2021,Sant Pau de Segúries,Ripollès,451.14001,17177,D,JXCAT,JXCAT,D,613,29,46,688,97.144676
17178,2021,Sant Pere Pescador,Alt Empordà,433.32999,17178,H,JXCAT,JXCAT,H,1137,152,801,2090,115.645
17180,2021,Santa Coloma de Farners,Selva,511.09,17180,D,JXCAT,JXCAT,D,9176,1342,2845,13363,65.727432
17181,2021,Santa Cristina d'Aro,Baix Empordà,879.04999,17181,D,ERC,ERC,D,3500,620,1167,5287,82.82618
17182,2021,Santa Llogaia d'Àlguema,Alt Empordà,,17182,D,JXCAT,JXCAT,D,273,71,24,368,113.0061
17183,2021,Sant Aniol de Finestres,Garrotxa,,17183,H,JXCAT,JXCAT,H,283,11,51,345,83.119003
17184,2021,Santa Pau,Garrotxa,513.06,17184,H,Altres,Altres,H,1419,75,120,1614,89.12635
17185,2021,Sant Joan les Fonts,Garrotxa,488.85001,17185,D,JXCAT,JXCAT,D,2373,275,396,3044,94.710587
17186,2021,Sarrià de Ter,Gironès,679.65997,17186,H,ERC,ERC,H,3824,810,595,5229,87.413544
17187,2021,"Saus, Camallera i Llampaies",Alt Empordà,817.85999,17187,H,JXCAT,JXCAT,H,672,73,111,856,103.8565
17188,2021,"Selva de Mar, la",Alt Empordà,,17188,H,Altres,Altres,H,149,22,24,195,132.814
17189,2021,"Cellera de Ter, la",Selva,487.70001,17189,H,Altres,Altres,H,1592,157,201,1950,73.529831
17190,2021,Serinyà,Pla de l'Estany,550.90997,17190,H,Altres,Altres,H,935,87,111,1133,98.01033
17191,2021,Serra de Daró,Baix Empordà,,17191,D,JXCAT,JXCAT,D,180,6,36,222,102.3185
17192,2021,Setcases,Ripollès,,17192,H,ERC,ERC,H,142,7,21,170,108.9014
17193,2021,Sils,Selva,615.44,17193,H,JXCAT,JXCAT,H,4469,912,838,6219,65.742867
17194,2021,Susqueda,Selva,,17194,D,ERC,ERC,D,75,5,13,93,75.064728
17195,2021,"Tallada d'Empordà, la",Baix Empordà,,17195,D,Altres,Altres,D,383,25,46,454,105.2912
17196,2021,Terrades,Alt Empordà,,17196,H,Altres,Altres,H,262,38,38,338,115.3084
17197,2021,Torrent,Baix Empordà,,17197,H,JXCAT,JXCAT,H,129,16,19,164,100.259
17198,2021,Torroella de Fluvià,Alt Empordà,660.77002,17198,H,PSC,PSC,H,457,52,194,703,112.2972
17199,2021,Torroella de Montgrí,Baix Empordà,539.79999,17199,H,Altres,Altres,H,6981,1303,3552,11836,106.7562
17200,2021,Tortellà,Garrotxa,469.35999,17200,H,ERC,ERC,H,672,49,97,818,100.1631
17201,2021,Toses,Ripollès,,17201,H,JXCAT,JXCAT,H,152,8,8,168,103.22
17202,2021,Tossa de Mar,Selva,525.02002,17202,H,Altres,Altres,H,3234,1020,1564,5818,72.49826
17203,2021,Ultramort,Baix Empordà,,17203,D,Altres,Altres,D,195,12,18,225,100.7305
17204,2021,Ullà,Baix Empordà,755,17204,H,PSC,PSC,H,665,103,409,1177,106.211
17205,2021,Ullastret,Baix Empordà,,17205,H,JXCAT,JXCAT,H,234,13,27,274,100.0459
17206,2021,Urús,Cerdanya,,17206,D,JXCAT,JXCAT,D,152,18,26,196,108.89
17207,2021,"Vall d'en Bas, la",Garrotxa,618.95001,17207,H,Altres,Altres,H,2824,117,152,3093,83.304649
17208,2021,"Vall de Bianya, la",Garrotxa,486.5,17208,H,JXCAT,JXCAT,H,1112,68,95,1275,93.114059
17209,2021,Vallllobrega,Baix Empordà,,17209,H,JXCAT,JXCAT,H,702,85,110,897,95.718117
17210,2021,Ventalló,Alt Empordà,796.88,17210,H,JXCAT,JXCAT,H,654,42,150,846,109.4433
17211,2021,Verges,Baix Empordà,490.31,17211,H,Altres,Altres,H,912,89,168,1169,103.4117
17212,2021,Vidrà,Osona,,17212,H,Altres,Altres,H,167,6,4,177,81.171997
17213,2021,Vidreres,Selva,625.65002,17213,H,JXCAT,JXCAT,H,5518,1147,1286,7951,66.535149
17214,2021,Vilabertran,Alt Empordà,545.83002,17214,H,ERC,ERC,H,833,68,92,993,118.9106
17215,2021,Vilablareix,Gironès,814.76001,17215,H,ERC,ERC,H,2609,336,118,3063,80.462357
17216,2021,Viladasens,Gironès,,17216,H,ERC,ERC,H,176,5,25,206,99.716904
17217,2021,Viladamat,Alt Empordà,,17217,D,Altres,Altres,D,392,20,46,458,110.7733
17218,2021,Vilademuls,Pla de l'Estany,662.85999,17218,H,JXCAT,JXCAT,H,668,30,137,835,101.4157
17220,2021,Viladrau,Osona,550.82001,17220,D,Altres,Altres,D,871,64,112,1047,52.99139
17221,2021,Vilafant,Alt Empordà,582.72998,17221,D,PSC,PSC,D,3960,1006,455,5421,113.5766
17222,2021,Vilaür,Alt Empordà,,17222,D,Altres,Altres,D,132,3,23,158,105.1771
17223,2021,Vilajuïga,Alt Empordà,558.08002,17223,H,Altres,Altres,H,836,127,153,1116,128.2323
17224,2021,Vilallonga de Ter,Ripollès,,17224,D,JXCAT,JXCAT,D,327,11,60,398,104.1483
17225,2021,Vilamacolum,Alt Empordà,,17225,H,Altres,Altres,H,247,17,113,377,114.8455
17226,2021,Vilamalla,Alt Empordà,613.08002,17226,H,Altres,Altres,H,802,251,108,1161,112.467
17227,2021,Vilamaniscle,Alt Empordà,,17227,H,Altres,Altres,H,160,10,42,212,131.4129
17228,2021,Vilanant,Alt Empordà,,17228,D,Altres,Altres,D,325,22,39,386,112.1356
17230,2021,Vilasacra,Alt Empordà,449.85999,17230,D,JXCAT,JXCAT,D,541,90,127,758,119.0606
17232,2021,Vilopriu,Baix Empordà,,17232,H,ERC,ERC,H,165,13,26,204,103.9564
17233,2021,Vilobí d'Onyar,Selva,588.44,17233,D,Altres,Altres,D,2614,283,436,3333,72.105278
17234,2021,Biure,Alt Empordà,,17234,H,Altres,Altres,H,179,27,35,241,120.2868
17901,2021,"Cruïlles, Monells i Sant Sadurní de l'Heura",Baix Empordà,618.38,17901,H,Altres,Altres,H,980,156,134,1270,92.051964
17902,2021,Forallac,Baix Empordà,569.46997,17902,H,JXCAT,JXCAT,H,1361,147,187,1695,96.255524
17903,2021,Sant Julià del Llor i Bonmatí,Selva,485.64999,17903,H,Altres,Altres,H,988,102,223,1313,57.506378
25001,2021,Abella de la Conca,Pallars Jussà,,25001,H,ERC,ERC,H,149,9,25,183,123.0927
25002,2021,Àger,Noguera,,25002,D,JXCAT,JXCAT,D,462,46,72,580,134.70061
25003,2021,Agramunt,Urgell,333.45001,25003,D,Altres,Altres,D,3924,482,1005,5411,98.925758
25004,2021,"Alamús, els",Segrià,,25004,H,Altres,Altres,H,600,67,144,811,121.5008
25005,2021,Alàs i Cerc,Alt Urgell,,25005,D,JXCAT,JXCAT,D,254,35,31,320,119.1216
25006,2021,"Albagés, l'",Garrigues,,25006,H,Altres,Altres,H,316,36,9,361,119.4017
25007,2021,Albatàrrec,Segrià,375.67001,25007,H,JXCAT,JXCAT,H,1544,179,513,2236,131.7209
25008,2021,Albesa,Noguera,353.57001,25008,D,Altres,Altres,D,1242,46,273,1561,131.48711
25009,2021,"Albi, l'",Garrigues,,25009,D,JXCAT,JXCAT,D,648,47,49,744,102.8006
25010,2021,Alcanó,Segrià,,25010,H,Altres,Altres,H,227,6,5,238,129.6842
25011,2021,Alcarràs,Segrià,406.39001,25011,H,JXCAT,JXCAT,H,6054,766,2887,9707,
25012,2021,Alcoletge,Segrià,460.03,25012,H,Altres,Altres,H,2557,356,522,3435,125.8826
25013,2021,Alfarràs,Segrià,335.56,25013,H,JXCAT,JXCAT,H,1878,576,311,2765,141.25819
25014,2021,Alfés,Segrià,,25014,H,JXCAT,JXCAT,H,270,12,15,297,129.8228
25015,2021,Algerri,Noguera,,25015,H,Altres,Altres,H,344,27,33,404,135.43829
25016,2021,Alguaire,Segrià,346.79001,25016,H,Altres,Altres,H,2186,300,543,3029,137.0816
25017,2021,Alins,Pallars Sobirà,,25017,H,Altres,Altres,H,248,8,16,272,145.7849
25019,2021,Almacelles,Segrià,378.35001,25019,D,JXCAT,JXCAT,D,4507,896,1423,6826,148.576
25020,2021,Almatret,Segrià,,25020,H,JXCAT,JXCAT,H,255,22,28,305,146.08369
25021,2021,Almenar,Segrià,340.59,25021,D,ERC,ERC,D,2529,381,447,3357,140.30811
25022,2021,Alòs de Balaguer,Noguera,,25022,H,Altres,Altres,H,103,11,18,132,115.4218
25023,2021,Alpicat,Segrià,510.28,25023,H,JXCAT,JXCAT,H,5097,674,495,6266,137.6207
25024,2021,Alt Àneu,Pallars Sobirà,,25024,H,Altres,Altres,H,372,21,21,414,162.673
25025,2021,Naut Aran,Val d'Aran,609.09003,25025,H,Altres,Altres,H,1193,386,257,1836,179.0932
25027,2021,Anglesola,Urgell,426.25,25027,D,JXCAT,JXCAT,D,1136,61,168,1365,94.861839
25029,2021,Arbeca,Garrigues,404.44,25029,H,ERC,ERC,H,1753,77,296,2126,104.8996
25030,2021,"Pont de Bar, el",Alt Urgell,,25030,D,JXCAT,JXCAT,D,133,7,12,152,117.742
25031,2021,Arres,Val d'Aran,,25031,H,Altres,Altres,H,52,4,4,60,
25032,2021,Arsèguel,Alt Urgell,,25032,H,ERC,ERC,H,71,6,4,81,116.2529
25033,2021,Artesa de Lleida,Segrià,464,25033,H,JXCAT,JXCAT,H,1219,105,211,1535,123.382
25034,2021,Artesa de Segre,Noguera,311.54999,25034,H,ERC,ERC,H,2478,148,774,3400,108.2732
25035,2021,"Sentiu de Sió, la",Noguera,,25035,H,JXCAT,JXCAT,H,371,32,11,414,116.3635
25036,2021,Aspa,Segrià,,25036,H,Altres,Altres,H,187,15,18,220,125.2619
25037,2021,"Avellanes i Santa Linya, les",Noguera,,25037,D,Altres,Altres,D,371,28,34,433,129.6369
25038,2021,Aitona,Segrià,377.06,25038,D,JXCAT,JXCAT,D,1574,190,803,2567,143.05611
25039,2021,Baix Pallars,Pallars Sobirà,389.20001,25039,D,Altres,Altres,D,272,26,33,331,137.5481
25040,2021,Balaguer,Noguera,378.01999,25040,H,Altres,Altres,H,11309,1812,4351,17472,121.4028
25041,2021,Barbens,Pla d'Urgell,,25041,H,JXCAT,JXCAT,H,574,52,252,878,100.8177
25042,2021,"Baronia de Rialb, la",Noguera,,25042,H,Altres,Altres,H,201,13,15,229,100.2217
25043,2021,"Vall de Boí, la",Alta Ribagorça,,25043,D,ERC,ERC,D,810,104,105,1019,167.0743
25044,2021,Bassella,Alt Urgell,,25044,D,JXCAT,JXCAT,D,190,4,23,217,99.032028
25045,2021,Bausen,Val d'Aran,,25045,H,Altres,Altres,H,43,9,8,60,
25046,2021,Belianes,Urgell,,25046,D,Altres,Altres,D,456,10,54,520,97.701942
25047,2021,Bellcaire d'Urgell,Noguera,,25047,H,Altres,Altres,H,1012,82,105,1199,112.5619
25048,2021,Belllloc d'Urgell,Pla d'Urgell,412.89999,25048,H,JXCAT,JXCAT,H,1787,175,373,2335,118.5078
25049,2021,Bellmunt d'Urgell,Noguera,,25049,D,Altres,Altres,D,169,12,4,185,109.4613
25050,2021,Bellpuig,Urgell,381.70001,25050,H,Altres,Altres,H,3589,364,1265,5218,99.586853
25051,2021,Bellver de Cerdanya,Cerdanya,581.92999,25051,H,Altres,Altres,H,1581,214,210,2005,112.7201
25052,2021,Bellvís,Pla d'Urgell,350.35999,25052,H,Altres,Altres,H,1762,82,416,2260,116.0527
25053,2021,Benavent de Segrià,Segrià,,25053,H,JXCAT,JXCAT,H,1212,130,176,1518,132.019
25055,2021,Biosca,Segarra,,25055,H,Altres,Altres,H,156,15,6,177,83.451714
25056,2021,Bovera,Garrigues,,25056,H,JXCAT,JXCAT,H,219,6,23,248,128.0217
25057,2021,"Bòrdes, es",Val d'Aran,,25057,D,PSC,PSC,D,193,41,21,255,190.8714
25058,2021,"Borges Blanques, les",Garrigues,363.78,25058,D,JXCAT,JXCAT,D,4761,487,925,6173,109.2148
25059,2021,Bossòst,Val d'Aran,408.48999,25059,H,PSC,PSC,H,637,244,234,1115,196.41119
25060,2021,Cabanabona,Noguera,,25060,H,JXCAT,JXCAT,H,64,4,3,71,93.855164
25061,2021,Cabó,Alt Urgell,,25061,H,JXCAT,JXCAT,H,79,3,11,93,120.534
25062,2021,Camarasa,Noguera,,25062,D,Altres,Altres,D,706,62,42,810,119.6257
25063,2021,Canejan,Val d'Aran,,25063,H,PSC,PSC,H,73,5,11,89,
25064,2021,Castellar de la Ribera,Solsonès,,25064,D,Altres,Altres,D,126,3,2,131,93.284241
25067,2021,Castelldans,Garrigues,417.85999,25067,H,JXCAT,JXCAT,H,717,68,145,930,117.5155
25068,2021,Castellnou de Seana,Pla d'Urgell,,25068,H,Altres,Altres,H,581,30,54,665,103.5674
25069,2021,Castelló de Farfanya,Noguera,,25069,H,Altres,Altres,H,455,25,59,539,128.59891
25070,2021,Castellserà,Urgell,342.22,25070,H,JXCAT,JXCAT,H,853,72,71,996,105.5936
25071,2021,Cava,Alt Urgell,,25071,D,Altres,Altres,D,42,3,0,45,113.7099
25072,2021,Cervera,Segarra,350.87,25072,H,ERC,ERC,H,6280,882,2188,9350,80.525673
25073,2021,Cervià de les Garrigues,Garrigues,,25073,D,Altres,Altres,D,563,53,46,662,109.2181
25074,2021,Ciutadilla,Urgell,,25074,H,Altres,Altres,H,189,12,7,208,87.615921
25075,2021,Clariana de Cardener,Solsonès,,25075,H,Altres,Altres,H,146,9,6,161,74.313744
25076,2021,"Cogul, el",Garrigues,,25076,H,Altres,Altres,H,135,9,7,151,123.6274
25077,2021,Coll de Nargó,Alt Urgell,,25077,H,ERC,ERC,H,438,28,74,540,111.3875
25078,2021,Corbins,Segrià,436.48001,25078,H,Altres,Altres,H,1154,83,225,1462,126.8928
25079,2021,Cubells,Noguera,488.89001,25079,H,Altres,Altres,H,279,20,39,338,112.4958
25081,2021,"Espluga Calba, l'",Garrigues,,25081,H,Altres,Altres,H,284,20,25,329,97.683098
25082,2021,Espot,Pallars Sobirà,,25082,H,Altres,Altres,H,306,34,26,366,158.4865
25085,2021,Estaràs,Segarra,,25085,H,Altres,Altres,H,149,5,2,156,73.436203
25086,2021,Esterri d'Àneu,Pallars Sobirà,406.85999,25086,H,ERC,ERC,H,549,67,188,804,161.6008
25087,2021,Esterri de Cardós,Pallars Sobirà,,25087,H,Altres,Altres,H,58,3,3,64,152.2762
25088,2021,Estamariu,Alt Urgell,,25088,D,JXCAT,JXCAT,D,108,2,15,125,120.731
25089,2021,Farrera,Pallars Sobirà,,25089,H,ERC,ERC,H,95,7,6,108,143.4026
25092,2021,"Floresta, la",Garrigues,1436.67,25092,H,JXCAT,JXCAT,H,118,12,10,140,104.889
25093,2021,Fondarella,Pla d'Urgell,,25093,H,Altres,Altres,H,638,66,72,776,111.0359
25094,2021,Foradada,Noguera,,25094,D,Altres,Altres,D,144,7,52,203,109.8089
25096,2021,"Fuliola, la",Urgell,317.5,25096,H,JXCAT,JXCAT,H,1016,71,163,1250,101.972
25097,2021,Fulleda,Garrigues,,25097,H,Altres,Altres,H,91,6,5,102,95.764763
25098,2021,Gavet de la Conca,Pallars Jussà,,25098,H,JXCAT,JXCAT,H,227,19,15,261,131.14439
25099,2021,Golmés,Pla d'Urgell,465.91,25099,H,Altres,Altres,H,1473,122,260,1855,106.3888
25100,2021,Gósol,Berguedà,,25100,H,Altres,Altres,H,179,15,12,206,102.0741
25101,2021,"Granadella, la",Garrigues,,25101,D,Altres,Altres,D,577,26,113,716,125.6245
25102,2021,"Granja d'Escarp, la",Segrià,,25102,H,JXCAT,JXCAT,H,637,95,190,922,151.552
25103,2021,Granyanella,Segarra,,25103,H,Altres,Altres,H,131,9,3,143,83.793312
25104,2021,Granyena de Segarra,Segarra,,25104,H,Altres,Altres,H,140,8,3,151,80.858459
25105,2021,Granyena de les Garrigues,Garrigues,,25105,H,Altres,Altres,H,116,2,22,140,126.8325
25109,2021,Guimerà,Urgell,,25109,H,JXCAT,JXCAT,H,222,17,32,271,84.022324
25110,2021,Guissona,Segarra,392.10999,25110,H,JXCAT,JXCAT,H,3338,418,3492,7248,84.869537
25111,2021,Guixers,Solsonès,,25111,H,Altres,Altres,H,123,2,7,132,91.447243
25112,2021,Ivars de Noguera,Noguera,,25112,H,Altres,Altres,H,275,22,35,332,103.3469
25113,2021,Ivars d'Urgell,Pla d'Urgell,350.70999,25113,H,Altres,Altres,H,1216,90,231,1537,140.7715
25114,2021,Ivorra,Segarra,,25114,H,ERC,ERC,H,99,5,4,108,76.499542
25115,2021,Isona i Conca Dellà,Pallars Jussà,300,25115,D,ERC,ERC,D,859,44,139,1042,122.6999
25118,2021,Juncosa,Garrigues,,25118,H,Altres,Altres,H,325,24,46,395,116.3792
25119,2021,Juneda,Garrigues,353.28,25119,H,JXCAT,JXCAT,H,2614,137,750,3501,113.3341
25120,2021,Lleida,Segrià,468.06,25120,H,ERC,ERC,H,89523,19908,30972,140403,130.91611
25121,2021,Les,Val d'Aran,,25121,H,PSC,PSC,H,544,127,300,971,197.57069
25122,2021,Linyola,Pla d'Urgell,370.59,25122,H,ERC,ERC,H,2117,190,410,2717,110.807
25123,2021,Lladorre,Pallars Sobirà,,25123,H,Altres,Altres,H,209,16,12,237,155.4863
25124,2021,Lladurs,Solsonès,,25124,H,Altres,Altres,H,170,7,3,180,90.367737
25125,2021,Llardecans,Segrià,,25125,D,JXCAT,JXCAT,D,406,20,18,444,135.1666
25126,2021,Llavorsí,Pallars Sobirà,417.5,25126,H,ERC,ERC,H,275,30,41,346,145.36411
25127,2021,Lles de Cerdanya,Cerdanya,,25127,H,Altres,Altres,H,235,14,21,270,117.1024
25128,2021,Llimiana,Pallars Jussà,,25128,H,Altres,Altres,H,124,17,5,146,128.2191
25129,2021,Llobera,Solsonès,,25129,H,Altres,Altres,H,180,8,0,188,84.263817
25130,2021,Maldà,Urgell,,25130,D,Altres,Altres,D,202,11,14,227,95.746758
25131,2021,Massalcoreig,Segrià,,25131,D,ERC,ERC,D,386,54,170,610,151.07111
25132,2021,Massoteres,Segarra,,25132,H,Altres,Altres,H,156,10,46,212,83.988724
25133,2021,Maials,Segrià,,25133,H,Altres,Altres,H,730,27,152,909,139.0112
25134,2021,Menàrguens,Noguera,341.67001,25134,D,Altres,Altres,D,634,45,134,813,124.1552
25135,2021,Miralcamp,Pla d'Urgell,,25135,D,Altres,Altres,D,1144,90,151,1385,109.7795
25136,2021,"Molsosa, la",Solsonès,,25136,H,Altres,Altres,H,97,2,5,104,67.421379
25137,2021,Mollerussa,Pla d'Urgell,393.89999,25137,H,JXCAT,JXCAT,H,9187,1386,4076,14649,109.1785
25138,2021,Montgai,Noguera,452.5,25138,H,Altres,Altres,H,587,31,25,643,109.8594
25139,2021,Montellà i Martinet,Cerdanya,515.59998,25139,H,Altres,Altres,H,464,55,59,578,113.7797
25140,2021,Montferrer i Castellbò,Alt Urgell,543.75,25140,H,JXCAT,JXCAT,H,760,106,168,1034,121.3083
25141,2021,Montoliu de Segarra,Segarra,,25141,H,ERC,ERC,H,165,5,17,187,77.826942
25142,2021,Montoliu de Lleida,Segrià,,25142,H,Altres,Altres,H,391,21,71,483,132.8204
25143,2021,Montornès de Segarra,Segarra,,25143,H,PSC,PSC,H,91,3,2,96,81.35257
25145,2021,Nalec,Urgell,,25145,D,Altres,Altres,D,76,7,7,90,89.644073
25146,2021,Navès,Solsonès,,25146,H,Altres,Altres,H,254,10,20,284,79.090569
25148,2021,Odèn,Solsonès,,25148,H,Altres,Altres,H,233,4,21,258,104.2322
25149,2021,Oliana,Alt Urgell,350,25149,D,Altres,Altres,D,1350,151,342,1843,102.8208
25150,2021,Oliola,Noguera,,25150,H,JXCAT,JXCAT,H,191,3,9,203,98.171303
25151,2021,Olius,Solsonès,,25151,H,Altres,Altres,H,869,65,47,981,81.048073
25152,2021,"Oluges, les",Segarra,,25152,H,Altres,Altres,H,155,5,11,171,78.02269
25153,2021,"Omellons, els",Garrigues,,25153,H,Altres,Altres,H,196,8,2,206,101.4501
25154,2021,"Omells de Na Gaia, els",Urgell,,25154,H,JXCAT,JXCAT,H,125,2,3,130,91.862961
25155,2021,Organyà,Alt Urgell,395.45001,25155,H,JXCAT,JXCAT,H,587,79,105,771,113.9752
25156,2021,Os de Balaguer,Noguera,429,25156,D,ERC,ERC,D,845,88,47,980,131.43159
25157,2021,Ossó de Sió,Urgell,,25157,H,Altres,Altres,H,177,9,17,203,92.837227
25158,2021,"Palau d'Anglesola, el",Pla d'Urgell,427.89001,25158,H,ERC,ERC,H,1823,124,219,2166,110.7443
25161,2021,Conca de Dalt,Pallars Jussà,,25161,H,Altres,Altres,H,356,25,29,410,136.60069
25163,2021,"Coma i la Pedra, la",Solsonès,,25163,H,Altres,Altres,H,229,15,11,255,98.750023
25164,2021,Penelles,Noguera,,25164,H,JXCAT,JXCAT,H,373,32,31,436,107.7761
25165,2021,Peramola,Alt Urgell,,25165,D,Altres,Altres,D,281,16,50,347,104.6709
25166,2021,Pinell de Solsonès,Solsonès,,25166,H,Altres,Altres,H,181,4,8,193,87.360977
25167,2021,Pinós,Solsonès,,25167,H,Altres,Altres,H,258,9,19,286,70.535431
25168,2021,"Poal, el",Pla d'Urgell,,25168,H,Altres,Altres,H,542,42,86,670,113.6473
25169,2021,"Pobla de Cérvoles, la",Garrigues,,25169,H,JXCAT,JXCAT,H,152,24,13,189,104.7243
25170,2021,Bellaguarda,Garrigues,,25170,H,JXCAT,JXCAT,H,273,10,4,287,119.8603
25171,2021,"Pobla de Segur, la",Pallars Jussà,313.66,25171,H,ERC,ERC,H,2080,314,649,3043,137.11189
25172,2021,Ponts,Noguera,323.26001,25172,D,ERC,ERC,D,1847,176,621,2644,99.778839
25173,2021,"Pont de Suert, el",Alta Ribagorça,357.07999,25173,H,JXCAT,JXCAT,H,1422,472,363,2257,162.9222
25174,2021,"Portella, la",Segrià,,25174,H,JXCAT,JXCAT,H,414,34,295,743,132.6749
25175,2021,Prats i Sansor,Cerdanya,,25175,H,Altres,Altres,H,185,15,22,222,110.8317
25176,2021,Preixana,Urgell,423.32999,25176,H,JXCAT,JXCAT,H,346,15,26,387,96.922928
25177,2021,Preixens,Noguera,,25177,H,JXCAT,JXCAT,H,364,38,16,418,102.8427
25179,2021,Prullans,Cerdanya,,25179,H,JXCAT,JXCAT,H,185,12,29,226,114.6006
25180,2021,Puiggròs,Garrigues,,25180,D,JXCAT,JXCAT,D,251,17,10,278,108.0254
25181,2021,Puigverd d'Agramunt,Urgell,,25181,H,JXCAT,JXCAT,H,174,10,45,229,96.716621
25182,2021,Puigverd de Lleida,Segrià,,25182,D,Altres,Altres,D,1109,134,106,1349,120.726
25183,2021,Rialp,Pallars Sobirà,360.76999,25183,H,JXCAT,JXCAT,H,519,69,53,641,144.25281
25185,2021,Ribera d'Urgellet,Alt Urgell,496.67001,25185,D,JXCAT,JXCAT,D,677,76,179,932,120.5808
25186,2021,Riner,Solsonès,,25186,H,Altres,Altres,H,240,7,16,263,78.479401
25189,2021,Rosselló,Segrià,378.07999,25189,H,JXCAT,JXCAT,H,2333,375,529,3237,135.05721
25190,2021,Salàs de Pallars,Pallars Jussà,382.5,25190,H,Altres,Altres,H,261,25,41,327,136.71519
25191,2021,Sanaüja,Segarra,,25191,D,ERC,ERC,D,345,16,18,379,88.84845
25192,2021,Sant Guim de Freixenet,Segarra,324.42001,25192,H,ERC,ERC,H,789,60,188,1037,68.538712
25193,2021,Sant Llorenç de Morunys,Solsonès,352,25193,H,Altres,Altres,H,808,63,89,960,94.942978
25194,2021,Sant Ramon,Segarra,,25194,H,Altres,Altres,H,432,24,31,487,76.38015
25196,2021,Sant Esteve de la Sarga,Pallars Jussà,,25196,H,ERC,ERC,H,86,18,18,122,139.01311
25197,2021,Sant Guim de la Plana,Segarra,,25197,H,ERC,ERC,H,152,7,22,181,81.069061
25200,2021,Sarroca de Lleida,Segrià,,25200,D,JXCAT,JXCAT,D,329,11,18,358,134.22681
25201,2021,Sarroca de Bellera,Pallars Jussà,,25201,H,JXCAT,JXCAT,H,105,4,7,116,150.87061
25202,2021,Senterada,Pallars Jussà,,25202,H,Altres,Altres,H,99,11,29,139,144.8231
25203,2021,"Seu d'Urgell, la",Alt Urgell,438.48001,25203,H,ERC,ERC,H,7570,1802,2834,12206,121.4956
25204,2021,Seròs,Segrià,319.23001,25204,H,JXCAT,JXCAT,H,1263,147,536,1946,146.8167
25205,2021,Sidamon,Pla d'Urgell,,25205,D,Altres,Altres,D,614,79,55,748,114.2716
25206,2021,"Soleràs, el",Garrigues,,25206,H,Altres,Altres,H,274,7,51,332,124.1055
25207,2021,Solsona,Solsonès,360.59,25207,D,ERC,ERC,D,6758,733,1646,9137,85.436691
25208,2021,Soriguera,Pallars Sobirà,361,25208,H,ERC,ERC,H,375,29,16,420,135.4117
25209,2021,Sort,Pallars Sobirà,376.69,25209,H,Altres,Altres,H,1642,189,323,2154,141.56821
25210,2021,Soses,Segrià,306,25210,D,ERC,ERC,D,1234,102,425,1761,141.01379
25211,2021,Sudanell,Segrià,400,25211,H,JXCAT,JXCAT,H,690,65,85,840,134.64819
25212,2021,Sunyer,Segrià,,25212,H,JXCAT,JXCAT,H,242,9,92,343,132.1353
25215,2021,Talarn,Pallars Jussà,350.56,25215,H,Altres,Altres,H,309,242,44,595,136.7906
25216,2021,Talavera,Segarra,,25216,H,Altres,Altres,H,264,8,7,279,72.206779
25217,2021,Tàrrega,Urgell,378.70001,25217,D,ERC,ERC,D,11861,1406,4178,17445,90.02961
25218,2021,Tarrés,Garrigues,,25218,H,Altres,Altres,H,94,5,3,102,95.919296
25219,2021,Tarroja de Segarra,Segarra,,25219,D,Altres,Altres,D,160,9,19,188,82.988777
25220,2021,Térmens,Noguera,,25220,D,JXCAT,JXCAT,D,1056,96,208,1360,122.4584
25221,2021,Tírvia,Pallars Sobirà,,25221,H,Altres,Altres,H,112,16,6,134,145.73441
25222,2021,Tiurana,Noguera,,25222,H,Altres,Altres,H,72,3,2,77,99.361794
25223,2021,Torà,Segarra,321.10999,25223,H,ERC,ERC,H,976,73,188,1237,78.440407
25224,2021,"Torms, els",Garrigues,,25224,H,JXCAT,JXCAT,H,130,0,8,138,120.9181
25225,2021,Tornabous,Urgell,365.56,25225,H,Altres,Altres,H,587,34,201,822,98.66922
25226,2021,Torrebesses,Segrià,,25226,H,Altres,Altres,H,249,12,6,267,131.43649
25227,2021,"Torre de Cabdella, la",Pallars Jussà,,25227,H,ERC,ERC,H,683,30,46,759,150.19
25228,2021,Torrefarrera,Segrià,499.06,25228,H,JXCAT,JXCAT,H,3647,437,610,4694,133.5598
25230,2021,Torregrossa,Pla d'Urgell,375,25230,H,ERC,ERC,H,1717,68,394,2179,113.4693
25231,2021,Torrelameu,Noguera,,25231,H,ERC,ERC,H,535,22,178,735,126.7429
25232,2021,Torres de Segre,Segrià,349.63,25232,H,JXCAT,JXCAT,H,1447,148,771,2366,138.7236
25233,2021,Torreserona,Segrià,,25233,H,Altres,Altres,H,292,35,71,398,131.6147
25234,2021,Tremp,Pallars Jussà,351.26999,25234,D,ERC,ERC,D,4052,627,1232,5911,135.97881
25238,2021,Vallbona de les Monges,Urgell,,25238,D,Altres,Altres,D,220,9,14,243,91.096642
25239,2021,"Valls de Valira, les",Alt Urgell,421.5,25239,H,ERC,ERC,H,539,86,159,784,124.1014
25240,2021,Vallfogona de Balaguer,Noguera,404.04999,25240,H,Altres,Altres,H,1514,167,225,1906,119.3226
25242,2021,Verdú,Urgell,,25242,H,Altres,Altres,H,721,55,126,902,88.639343
25243,2021,Vielha e Mijaran,Val d'Aran,605.40002,25243,H,PSC,PSC,H,2933,1200,1478,5611,183.9487
25244,2021,Vilagrassa,Urgell,,25244,H,JXCAT,JXCAT,H,410,43,107,560,92.796112
25245,2021,Vilaller,Alta Ribagorça,,25245,D,JXCAT,JXCAT,D,370,107,72,549,169.54919
25247,2021,Vilamòs,Val d'Aran,,25247,H,PSC,PSC,H,113,46,19,178,191.3736
25248,2021,Vilanova de Bellpuig,Pla d'Urgell,407.14001,25248,D,Altres,Altres,D,1025,41,117,1183,103.195
25249,2021,Vilanova de l'Aguda,Noguera,,25249,D,Altres,Altres,D,186,8,6,200,95.043083
25250,2021,Vilanova de Meià,Noguera,,25250,H,ERC,ERC,H,340,16,59,415,115.9311
25251,2021,Vilanova de Segrià,Segrià,,25251,H,Altres,Altres,H,762,84,139,985,133.6498
25252,2021,Vilasana,Pla d'Urgell,,25252,H,JXCAT,JXCAT,H,615,54,65,734,107.3254
25253,2021,"Vilosell, el",Garrigues,,25253,H,Altres,Altres,H,149,11,13,173,102.0148
25254,2021,Vilanova de la Barca,Segrià,,25254,H,Altres,Altres,H,749,74,265,1088,124.2594
25255,2021,Vinaixa,Garrigues,,25255,H,Altres,Altres,H,382,43,25,450,99.686363
25901,2021,Vall de Cardós,Pallars Sobirà,,25901,H,JXCAT,JXCAT,H,283,22,45,350,151.069
25902,2021,Sant Martí de Riucorb,Urgell,,25902,H,Altres,Altres,H,572,31,36,639,94.570648
25903,2021,"Guingueta d'Àneu, la",Pallars Sobirà,,25903,H,Altres,Altres,H,226,19,44,289,157.9395
25904,2021,Castell de Mur,Pallars Jussà,,25904,H,JXCAT,JXCAT,H,160,8,5,173,131.97301
25905,2021,Ribera d'Ondara,Segarra,,25905,H,JXCAT,JXCAT,H,388,29,16,433,73.44825
25906,2021,"Valls d'Aguilar, les",Alt Urgell,,25906,D,JXCAT,JXCAT,D,193,16,36,245,120.7384
25907,2021,Torrefeta i Florejacs,Segarra,,25907,H,ERC,ERC,H,534,28,45,607,84.271637
25908,2021,Fígols i Alinyà,Alt Urgell,,25908,H,ERC,ERC,H,212,15,17,244,112.6367
25909,2021,"Vansa i Fórnols, la",Alt Urgell,,25909,H,JXCAT,JXCAT,H,124,14,11,149,108.7754
25910,2021,Josa i Tuixén,Alt Urgell,,25910,D,JXCAT,JXCAT,D,90,5,8,103,104.9818
25911,2021,"Plans de Sió, els",Segarra,,25911,H,ERC,ERC,H,424,24,43,491,90.344643
25912,2021,Gimenells i el Pla de la Font,Segrià,,25912,H,Altres,Altres,H,806,179,135,1120,150.7804
25913,2021,Riu de Cerdanya,Cerdanya,,25913,H,JXCAT,JXCAT,H,85,8,0,93,108.8817
43001,2021,Aiguamúrcia,Alt Camp,464,43001,H,Altres,Altres,H,714,121,95,930,67.597931
43002,2021,Albinyana,Baix Penedès,542.06,43002,H,Altres,Altres,H,1781,450,237,2468,59.49218
43003,2021,"Albiol, l'",Baix Camp,,43003,H,ERC,ERC,H,385,76,39,500,91.69429
43004,2021,Alcanar,Montsià,396.42999,43004,H,ERC,ERC,H,6544,970,1920,9434,170.73019
43005,2021,Alcover,Alt Camp,488.16,43005,H,Altres,Altres,H,3679,807,658,5144,84.808197
43006,2021,Aldover,Baix Ebre,,43006,D,ERC,ERC,D,724,55,126,905,151.3156
43007,2021,"Aleixar, l'",Baix Camp,432.73001,43007,H,JXCAT,JXCAT,H,701,73,119,893,96.413406
43008,2021,Alfara de Carles,Baix Ebre,,43008,H,Altres,Altres,H,311,31,34,376,159.3145
43009,2021,Alforja,Baix Camp,392.5,43009,H,Altres,Altres,H,1393,232,158,1783,101.9917
43010,2021,Alió,Alt Camp,438.73001,43010,H,Altres,Altres,H,373,45,40,458,73.013847
43011,2021,Almoster,Baix Camp,,43011,H,ERC,ERC,H,1129,139,73,1341,91.09211
43012,2021,Altafulla,Tarragonès,698.59998,43012,H,ERC,ERC,H,3657,872,778,5307,72.331238
43013,2021,"Ametlla de Mar, l'",Baix Ebre,412.48001,43013,H,ERC,ERC,H,4445,757,1664,6866,128.0519
43014,2021,Amposta,Montsià,345.60001,43014,H,ERC,ERC,H,15457,1635,4023,21115,153.8806
43015,2021,Arbolí,Baix Camp,,43015,H,ERC,ERC,H,107,12,8,127,103.492
43016,2021,"Arboç, l'",Baix Penedès,465.32001,43016,H,PSC,PSC,H,3245,1034,1330,5609,49.588612
43017,2021,"Argentera, l'",Baix Camp,,43017,H,JXCAT,JXCAT,H,101,12,4,117,64.29512
43018,2021,Arnes,Terra Alta,,43018,H,Altres,Altres,H,375,46,23,444,168.85989
43019,2021,Ascó,Ribera d'Ebre,,43019,H,Altres,Altres,H,1268,197,179,1644,136.05701
43020,2021,Banyeres del Penedès,Baix Penedès,507.32001,43020,H,Altres,Altres,H,2191,644,372,3207,50.947151
43021,2021,Barberà de la Conca,Conca de Barberà,,43021,H,Altres,Altres,H,341,59,71,471,78.542099
43022,2021,Batea,Terra Alta,310.56,43022,H,Altres,Altres,H,1575,124,202,1901,159.05231
43023,2021,Bellmunt del Priorat,Priorat,,43023,H,Altres,Altres,H,212,25,36,273,120.177
43024,2021,Bellvei,Baix Penedès,451.79999,43024,H,Altres,Altres,H,1583,354,300,2237,52.565659
43025,2021,Benifallet,Baix Ebre,,43025,D,Altres,Altres,D,611,27,85,723,146.21561
43026,2021,Benissanet,Ribera d'Ebre,,43026,H,Altres,Altres,H,834,48,258,1140,133.9086
43027,2021,"Bisbal de Falset, la",Priorat,,43027,H,Altres,Altres,H,171,16,24,211,121.5257
43028,2021,"Bisbal del Penedès, la",Baix Penedès,600.37,43028,D,Altres,Altres,D,2585,696,350,3631,58.499161
43029,2021,Blancafort,Conca de Barberà,,43029,H,ERC,ERC,H,332,20,30,382,84.369057
43030,2021,Bonastre,Baix Penedès,416.23999,43030,D,Altres,Altres,D,515,72,98,685,64.168037
43031,2021,"Borges del Camp, les",Baix Camp,426.23001,43031,H,JXCAT,JXCAT,H,1557,242,257,2056,99.319077
43032,2021,Bot,Terra Alta,,43032,H,Altres,Altres,H,485,24,45,554,155.52029
43033,2021,Botarell,Baix Camp,513.57001,43033,H,ERC,ERC,H,827,126,124,1077,102.943
43034,2021,Bràfim,Alt Camp,,43034,H,Altres,Altres,H,516,74,105,695,70.778053
43035,2021,Cabacés,Priorat,539.40002,43035,H,Altres,Altres,H,260,13,29,302,121.1249
43036,2021,Cabra del Camp,Alt Camp,428.39999,43036,D,Altres,Altres,D,821,208,146,1175,74.520012
43037,2021,Calafell,Baix Penedès,581.78003,43037,H,PSC,PSC,H,15785,5038,6778,27601,54.910931
43038,2021,Cambrils,Baix Camp,569.67999,43038,H,Altres,Altres,H,19769,6882,8083,34734,100.1817
43039,2021,Capafonts,Baix Camp,,43039,D,Altres,Altres,D,99,9,3,111,96.089333
43040,2021,Capçanes,Priorat,,43040,H,JXCAT,JXCAT,H,352,12,28,392,120.7773
43041,2021,Caseres,Terra Alta,,43041,H,Altres,Altres,H,195,30,12,237,165.38879
43042,2021,Castellvell del Camp,Baix Camp,480.97,43042,H,ERC,ERC,H,2346,325,157,2828,92.916008
43043,2021,"Catllar, el",Tarragonès,612.78003,43043,H,ERC,ERC,H,3295,784,478,4557,74.830421
43044,2021,"Sénia, la",Montsià,250.8,43044,H,Altres,Altres,H,3477,1229,934,5640,179.8018
43045,2021,Colldejou,Baix Camp,,43045,H,ERC,ERC,H,147,6,15,168,112.2972
43046,2021,Conesa,Conca de Barberà,,43046,D,Altres,Altres,D,92,4,4,100,74.354919
43047,2021,Constantí,Tarragonès,385,43047,H,PSC,PSC,H,4012,1240,1413,6665,84.563293
43048,2021,Corbera d'Ebre,Terra Alta,,43048,H,Altres,Altres,H,838,30,135,1003,146.1217
43049,2021,Cornudella de Montsant,Priorat,415,43049,H,ERC,ERC,H,709,107,128,944,106.6788
43050,2021,Creixell,Tarragonès,546.03998,43050,D,Altres,Altres,D,2351,773,634,3758,66.15889
43051,2021,Cunit,Baix Penedès,577.73999,43051,H,Altres,Altres,H,7724,3003,2806,13533,50.041481
43052,2021,Xerta,Baix Ebre,384,43052,H,Altres,Altres,H,954,86,114,1154,150.85809
43053,2021,Duesaigües,Baix Camp,318.57001,43053,D,Altres,Altres,D,181,23,40,244,107.3943
43054,2021,"Espluga de Francolí, l'",Conca de Barberà,417.92999,43054,H,Altres,Altres,H,2867,405,464,3736,89.056793
43055,2021,Falset,Priorat,409.32999,43055,H,Altres,Altres,H,2100,223,412,2735,116.2952
43056,2021,"Fatarella, la",Terra Alta,,43056,H,Altres,Altres,H,857,23,46,926,144.1628
43057,2021,"Febró, la",Baix Camp,,43057,H,Altres,Altres,H,35,3,2,40,98.249878
43058,2021,"Figuera, la",Priorat,,43058,H,Altres,Altres,H,91,8,15,114,121.8999
43059,2021,Figuerola del Camp,Alt Camp,,43059,H,Altres,Altres,H,293,15,21,329,75.542282
43060,2021,Flix,Ribera d'Ebre,418.17999,43060,H,ERC,ERC,H,2574,408,428,3410,136.59151
43061,2021,Forès,Conca de Barberà,,43061,D,Altres,Altres,D,38,3,2,43,78.350441
43062,2021,Freginals,Montsià,,43062,H,Altres,Altres,H,266,29,90,385,160.327
43063,2021,"Galera, la",Montsià,250,43063,H,Altres,Altres,H,550,68,118,736,163.9577
43064,2021,Gandesa,Terra Alta,302.73001,43064,H,Altres,Altres,H,2248,198,650,3096,149.8074
43065,2021,Garcia,Ribera d'Ebre,,43065,D,Altres,Altres,D,396,41,90,527,130.33411
43066,2021,"Garidells, els",Alt Camp,,43066,H,Altres,Altres,H,153,28,9,190,79.977837
43067,2021,Ginestar,Ribera d'Ebre,,43067,D,ERC,ERC,D,572,27,165,764,134.5103
43068,2021,Godall,Montsià,,43068,H,Altres,Altres,H,501,42,55,598,164.95309
43069,2021,Gratallops,Priorat,,43069,H,Altres,Altres,H,167,30,40,237,118.6166
43070,2021,"Guiamets, els",Priorat,,43070,H,Altres,Altres,H,253,16,9,278,123.0025
43071,2021,Horta de Sant Joan,Terra Alta,435.10001,43071,H,Altres,Altres,H,934,84,128,1146,
43072,2021,"Lloar, el",Priorat,,43072,H,Altres,Altres,H,94,5,6,105,120.9535
43073,2021,Llorac,Conca de Barberà,,43073,H,Altres,Altres,H,82,4,5,91,73.957626
43074,2021,Llorenç del Penedès,Baix Penedès,629.56,43074,H,JXCAT,JXCAT,H,1867,351,177,2395,53.181259
43075,2021,Margalef,Priorat,,43075,H,Altres,Altres,H,86,6,14,106,118.8805
43076,2021,Marçà,Priorat,301.42999,43076,H,Altres,Altres,H,499,28,73,600,118.2658
43077,2021,Mas de Barberans,Montsià,,43077,H,Altres,Altres,H,479,21,64,564,167.91879
43078,2021,Masdenverge,Montsià,291.67001,43078,H,Altres,Altres,H,862,99,110,1071,157.04849
43079,2021,Masllorenç,Baix Penedès,,43079,H,Altres,Altres,H,388,41,76,505,64.737122
43080,2021,"Masó, la",Alt Camp,,43080,H,Altres,Altres,H,248,21,11,280,81.219658
43081,2021,Maspujols,Baix Camp,,43081,H,JXCAT,JXCAT,H,711,78,34,823,96.932854
43082,2021,"Masroig, el",Priorat,270,43082,H,Altres,Altres,H,375,22,95,492,123.9373
43083,2021,"Milà, el",Alt Camp,,43083,H,Altres,Altres,H,153,30,7,190,82.138329
43084,2021,Miravet,Ribera d'Ebre,,43084,H,Altres,Altres,H,563,39,104,706,137.5226
43085,2021,"Molar, el",Priorat,,43085,H,Altres,Altres,H,236,17,38,291,125.094
43086,2021,Montblanc,Conca de Barberà,409.64999,43086,H,ERC,ERC,H,5435,878,1066,7379,84.079063
43088,2021,Montbrió del Camp,Baix Camp,444.51999,43088,D,Altres,Altres,D,2285,283,341,2909,102.3311
43089,2021,Montferri,Alt Camp,,43089,H,Altres,Altres,H,295,65,43,403,68.80957
43090,2021,"Montmell, el",Baix Penedès,575,43090,H,Altres,Altres,H,1082,351,149,1582,60.56884
43091,2021,Montral,Alt Camp,,43091,H,JXCAT,JXCAT,H,108,29,31,168,90.388878
43092,2021,Montroig del Camp,Baix Camp,515.72998,43092,H,PSC,PSC,H,6365,2375,3720,12460,107.0098
43093,2021,Móra d'Ebre,Ribera d'Ebre,368.23999,43093,H,Altres,Altres,H,3901,646,1148,5695,132.283
43094,2021,Móra la Nova,Ribera d'Ebre,333.23999,43094,H,ERC,ERC,H,2145,383,580,3108,131.42551
43095,2021,"Morell, el",Tarragonès,465.73001,43095,H,Altres,Altres,H,2626,581,535,3742,83.43927
43096,2021,"Morera de Montsant, la",Priorat,,43096,D,ERC,ERC,D,106,7,46,159,111.8821
43097,2021,"Nou de Gaià, la",Tarragonès,443.75,43097,D,Altres,Altres,D,466,61,73,600,70.662842
43098,2021,Nulles,Alt Camp,,43098,H,Altres,Altres,H,421,38,50,509,74.913162
43099,2021,"Palma d'Ebre, la",Ribera d'Ebre,,43099,D,Altres,Altres,D,285,11,42,338,126.2322
43100,2021,"Pallaresos, els",Tarragonès,607.5,43100,H,Altres,Altres,H,3767,824,259,4850,79.23896
43101,2021,Passanant i Belltall,Conca de Barberà,,43101,H,Altres,Altres,H,143,3,9,155,82.392883
43102,2021,Paüls,Baix Ebre,,43102,H,Altres,Altres,H,504,13,28,545,157.4386
43103,2021,Perafort,Tarragonès,494.17001,43103,H,Altres,Altres,H,985,167,112,1264,79.868637
43104,2021,"Perelló, el",Baix Ebre,325.5,43104,D,ERC,ERC,D,1999,119,708,2826,135.3221
43105,2021,"Piles, les",Conca de Barberà,,43105,H,Altres,Altres,H,179,9,22,210,69.91375
43106,2021,"Pinell de Brai, el",Terra Alta,,43106,D,Altres,Altres,D,865,38,105,1008,144.9209
43107,2021,Pira,Conca de Barberà,,43107,H,Altres,Altres,H,421,48,34,503,80.714439
43108,2021,"Pla de Santa Maria, el",Alt Camp,402.35001,43108,H,Altres,Altres,H,1830,296,222,2348,73.483276
43109,2021,"Pobla de Mafumet, la",Tarragonès,483.44,43109,H,Altres,Altres,H,2861,648,462,3971,83.579147
43110,2021,"Pobla de Massaluca, la",Terra Alta,,43110,H,Altres,Altres,H,253,21,43,317,153.64931
43111,2021,"Pobla de Montornès, la",Tarragonès,534.29999,43111,H,ERC,ERC,H,2038,511,335,2884,67.764343
43112,2021,Poboleda,Priorat,,43112,H,ERC,ERC,H,255,24,42,321,112.1168
43113,2021,"Pont d'Armentera, el",Alt Camp,413.32999,43113,D,JXCAT,JXCAT,D,379,54,55,488,67.419724
43114,2021,Porrera,Priorat,285,43114,H,Altres,Altres,H,358,39,27,424,112.2542
43115,2021,Pradell de la Teixeta,Priorat,405,43115,D,Altres,Altres,D,138,8,12,158,111.4997
43116,2021,Prades,Baix Camp,,43116,D,JXCAT,JXCAT,D,476,46,66,588,99.187698
43117,2021,Prat de Comte,Terra Alta,,43117,H,Altres,Altres,H,151,7,19,177,154.6817
43118,2021,Pratdip,Baix Camp,416.67001,43118,H,JXCAT,JXCAT,H,449,54,223,726,115.3218
43119,2021,Puigpelat,Alt Camp,514.54999,43119,D,Altres,Altres,D,901,164,98,1163,74.073357
43120,2021,Querol,Alt Camp,,43120,H,Altres,Altres,H,349,112,57,518,64.418297
43121,2021,Rasquera,Ribera d'Ebre,,43121,H,ERC,ERC,H,636,31,116,783,138.67661
43122,2021,Renau,Tarragonès,,43122,H,Altres,Altres,H,131,20,11,162,74.275887
43123,2021,Reus,Baix Camp,477.16,43123,H,JXCAT,JXCAT,H,67996,18481,19691,106168,92.838669
43124,2021,"Riba, la",Alt Camp,340.56,43124,H,Altres,Altres,H,426,94,65,585,141.4391
43125,2021,Ribaroja d'Ebre,Ribera d'Ebre,375.10999,43125,H,Altres,Altres,H,804,177,129,1110,83.31794
43126,2021,"Riera de Gaià, la",Tarragonès,523,43126,H,Altres,Altres,H,1351,220,171,1742,72.462334
43127,2021,Riudecanyes,Baix Camp,411.67001,43127,H,ERC,ERC,H,886,84,176,1146,105.3856
43128,2021,Riudecols,Baix Camp,425.53,43128,D,ERC,ERC,D,909,146,134,1189,103.0293
43129,2021,Riudoms,Baix Camp,448.81,43129,H,Altres,Altres,H,4977,758,834,6569,97.958351
43130,2021,Rocafort de Queralt,Conca de Barberà,,43130,H,ERC,ERC,H,184,6,21,211,74.527237
43131,2021,Roda de Berà,Tarragonès,530.70001,43131,H,Altres,Altres,H,4206,1473,1106,6785,64.350822
43132,2021,Rodonyà,Alt Camp,400,43132,H,Altres,Altres,H,377,45,72,494,65.845284
43133,2021,Roquetes,Baix Ebre,370.13,43133,H,ERC,ERC,H,6096,661,1322,8079,153.7921
43134,2021,"Rourell, el",Alt Camp,,43134,D,Altres,Altres,D,301,33,38,372,81.906616
43135,2021,Salomó,Tarragonès,472.5,43135,H,JXCAT,JXCAT,H,380,40,129,549,69.104233
43136,2021,"Ràpita, la",Montsià,372.60001,43136,H,ERC,ERC,H,10746,1511,2696,14953,158.343
43137,2021,Sant Jaume dels Domenys,Baix Penedès,545.19,43137,H,Altres,Altres,H,2000,382,242,2624,52.200161
43138,2021,Santa Bàrbara,Montsià,337.01001,43138,H,Altres,Altres,H,2817,315,583,3715,159.6098
43139,2021,Santa Coloma de Queralt,Conca de Barberà,360.76001,43139,H,ERC,ERC,H,2219,167,286,2672,67.185051
43140,2021,Santa Oliva,Baix Penedès,712.14001,43140,H,ERC,ERC,H,2283,677,393,3353,54.225609
43141,2021,Pontils,Conca de Barberà,,43141,D,JXCAT,JXCAT,D,97,18,7,122,65.764961
43142,2021,Sarral,Conca de Barberà,346.32999,43142,D,Altres,Altres,D,1138,153,247,1538,77.027313
43143,2021,Savallà del Comtat,Conca de Barberà,,43143,H,Altres,Altres,H,41,9,3,53,74.216042
43144,2021,"Secuita, la",Tarragonès,518.01001,43144,H,ERC,ERC,H,1306,219,183,1708,77.45829
43145,2021,"Selva del Camp, la",Baix Camp,506.16,43145,H,PSC,PSC,H,4578,650,455,5683,88.575371
43146,2021,Senan,Conca de Barberà,,43146,D,Altres,Altres,D,41,3,0,44,90.590736
43147,2021,Solivella,Conca de Barberà,425,43147,H,Altres,Altres,H,564,28,40,632,82.904388
43148,2021,Tarragona,Tarragonès,539.96002,43148,H,ERC,ERC,H,79299,27774,29423,136496,83.051483
43149,2021,Tivenys,Baix Ebre,307.31,43149,D,ERC,ERC,D,730,27,145,902,149.1777
43150,2021,Tivissa,Ribera d'Ebre,331.5,43150,D,Altres,Altres,D,1345,63,211,1619,126.6024
43151,2021,"Torre de Fontaubella, la",Priorat,,43151,H,Altres,Altres,H,109,11,11,131,113.3406
43152,2021,"Torre de l'Espanyol, la",Ribera d'Ebre,,43152,H,Altres,Altres,H,456,22,123,601,131.07091
43153,2021,Torredembarra,Tarragonès,551.46997,43153,H,ERC,ERC,H,9958,3001,3608,16567,70.468132
43154,2021,Torroja del Priorat,Priorat,,43154,H,ERC,ERC,H,124,10,18,152,115.356
43155,2021,Tortosa,Baix Ebre,378.29999,43155,D,Altres,Altres,D,23329,3121,6989,33439,152.7925
43156,2021,Ulldecona,Montsià,293.01999,43156,D,Altres,Altres,D,3998,867,1660,6525,169.9557
43157,2021,Ulldemolins,Priorat,,43157,H,ERC,ERC,H,355,19,24,398,108.2914
43158,2021,Vallclara,Conca de Barberà,,43158,H,Altres,Altres,H,79,6,3,88,99.127449
43159,2021,Vallfogona de Riucorb,Conca de Barberà,,43159,H,JXCAT,JXCAT,H,65,7,5,77,79.869904
43160,2021,Vallmoll,Alt Camp,416.5,43160,H,PSC,PSC,H,1306,288,180,1774,78.885803
43161,2021,Valls,Alt Camp,438.54001,43161,D,JXCAT,JXCAT,D,16614,3722,4141,24477,77.764023
43162,2021,Vandellòs i l'Hospitalet de l'Infant,Baix Camp,473.97,43162,H,PSC,PSC,H,4044,1309,1250,6603,119.7217
43163,2021,"Vendrell, el",Baix Penedès,540.08002,43163,H,PSC,PSC,H,23739,7284,7350,38373,56.642071
43164,2021,Vespella de Gaià,Tarragonès,600,43164,H,PSC,PSC,H,279,78,60,417,71.196388
43165,2021,Vilabella,Alt Camp,395.82999,43165,H,JXCAT,JXCAT,H,581,68,80,729,72.142952
43166,2021,Vilallonga del Camp,Tarragonès,455.09,43166,D,ERC,ERC,D,1811,303,291,2405,83.005791
43167,2021,Vilanova d'Escornalbou,Baix Camp,,43167,H,Altres,Altres,H,465,35,65,565,107.9079
43168,2021,Vilanova de Prades,Conca de Barberà,,43168,H,PSC,PSC,H,90,4,13,107,101.3253
43169,2021,Vilaplana,Baix Camp,,43169,H,ERC,ERC,H,460,35,60,555,96.855232
43170,2021,Vilarodona,Alt Camp,364.39001,43170,H,Altres,Altres,H,966,100,210,1276,68.474533
43171,2021,Vilaseca,Tarragonès,494.69,43171,H,JXCAT,JXCAT,H,12983,5380,4192,22555,91.489403
43172,2021,Vilaverd,Conca de Barberà,,43172,H,Altres,Altres,H,349,42,52,443,83.13652
43173,2021,"Vilella Alta, la",Priorat,,43173,H,Altres,Altres,H,114,7,12,133,117.6664
43174,2021,"Vilella Baixa, la",Priorat,,43174,D,Altres,Altres,D,165,11,28,204,119.2162
43175,2021,Vilalba dels Arcs,Terra Alta,,43175,H,Altres,Altres,H,579,20,22,621,150.35001
43176,2021,Vimbodí i Poblet,Conca de Barberà,355,43176,H,Altres,Altres,H,747,82,61,890,93.402046
43177,2021,Vinebre,Ribera d'Ebre,,43177,D,Altres,Altres,D,305,36,84,425,134.2173
43178,2021,Vinyols i els Arcs,Baix Camp,480.51001,43178,H,Altres,Altres,H,1514,278,332,2124,99.735909
43901,2021,Deltebre,Baix Ebre,355.62,43901,H,Altres,Altres,H,9793,531,1254,11578,143.0144
43902,2021,Sant Jaume d'Enveja,Montsià,369.23001,43902,H,PSC,PSC,H,3052,148,327,3527,144.1581
43903,2021,Camarles,Baix Ebre,345.41,43903,H,Altres,Altres,H,2624,120,450,3194,143.68871
43904,2021,"Aldea, l'",Baix Ebre,302.12,43904,H,Altres,Altres,H,3092,249,806,4147,149.56731
43905,2021,Salou,Tarragonès,517.84003,43905,H,JXCAT,JXCAT,H,11487,5712,11327,28526,93.889908
43906,2021,"Ampolla, l'",Baix Ebre,430.67999,43906,H,Altres,Altres,H,2079,322,876,3277,138.7556
43907,2021,"Canonja, la",Tarragonès,399.10999,43907,H,PSC,PSC,H,4099,1298,559,5956,
